,f1,index,game_id,Away_Starter,Home Starter
0,,player_id,718053,678394,656288
1,,career_era,718053,5.404010695187166,8.261781735547794
2,,career_homeRuns,718053,0.09090909090909091,0.8235294117647058
3,,career_whip,718053,1.8793226381461674,1.9697325478269967
4,,career_battersFaced,718053,22.090909090909093,19.61764705882353
5,,recent_era,718053,3.1092857142857144,7.888566176470588
6,,recent_homeRuns,718053,0.75,1.0
7,,recent_whip,718053,1.4316666666666666,1.7388480392156864
8,,recent_battersFaced,718053,21.95,21.525
