,f1,index,game_id,Away_Starter,Home Starter
0,,player_id,717848,458681,622663
1,,career_era,717848,5.702281231637725,3.5653571124879075
2,,career_homeRuns,717848,0.7926767676767676,0.52
3,,career_whip,717848,1.479239301949844,1.369154395470857
4,,career_battersFaced,717848,21.601641414141415,18.8
5,,recent_era,717848,7.515,8.034331797235023
6,,recent_homeRuns,717848,1.225,1.175
7,,recent_whip,717848,1.6383333333333332,1.5705165130568357
8,,recent_battersFaced,717848,24.574999999999996,19.175
