,f1,index,game_id,Away_Starter,Home Starter
0,,player_id,718145,682227,502624
1,,career_era,718145,0.0,11.798181818181817
2,,career_homeRuns,718145,0.0,0.6000000000000001
3,,career_whip,718145,0.0,2.2046969696969696
4,,career_battersFaced,718145,0.0,12.7
5,,recent_era,718145,15.231331168831167,81.66375
6,,recent_homeRuns,718145,0.5,0.0
7,,recent_whip,718145,2.9642857142857144,9.89
8,,recent_battersFaced,718145,13.0,11.75
