,f1,index,game_id,Away_Starter,Home Starter
0,,player_id,718416,656557,669330
1,,career_era,718416,5.296260478801293,4.941560878146244
2,,career_homeRuns,718416,0.34134615384615385,0.6071428571428571
3,,career_whip,718416,1.631167014371676,1.3165036944762554
4,,career_battersFaced,718416,16.870192307692307,17.392857142857142
5,,recent_era,718416,6.364285714285714,2.795404411764706
6,,recent_homeRuns,718416,1.0499999999999998,0.6
7,,recent_whip,718416,1.485,0.9163497899159663
8,,recent_battersFaced,718416,20.65,20.175
