,f1,index,game_id,Away_Starter,Home Starter
0,,player_id,718181,543521,579328
1,,career_era,718181,7.063724340175953,9.171824361265688
2,,career_homeRuns,718181,0.65,0.9642857142857143
3,,career_whip,718181,1.489706744868035,2.31969487345798
4,,career_battersFaced,718181,14.049999999999999,19.72360248447205
5,,recent_era,718181,0.0,3.2314024390243903
6,,recent_homeRuns,718181,0.0,0.825
7,,recent_whip,718181,2.125,1.262951357918371
8,,recent_battersFaced,718181,5.975,22.475
