,f1,index,game_id,Away_Starter,Home Starter
0,,player_id,718036,645261,666154
1,,career_era,718036,2.6844698755921033,0.0
2,,career_homeRuns,718036,0.6071428571428572,0.0
3,,career_whip,718036,1.2468650389653209,0.0
4,,career_battersFaced,718036,21.974789915966387,0.0
5,,recent_era,718036,5.458888888888889,4.426829268292683
6,,recent_homeRuns,718036,0.575,0.3333333333333333
7,,recent_whip,718036,1.4084829059829058,1.065040650406504
8,,recent_battersFaced,718036,26.549999999999997,16.666666666666668
