,f1,index,game_id,Away_Starter,Home Starter
0,,player_id,717835,543243,579328
1,,career_era,717835,5.093162020905924,4.839469303822812
2,,career_homeRuns,717835,0.5533333333333333,0.7316849816849816
3,,career_whip,717835,1.2067307394502516,1.601510194888161
4,,career_battersFaced,717835,19.113333333333333,18.01043159738812
5,,recent_era,717835,3.5209155597722956,5.8500000000000005
6,,recent_homeRuns,717835,0.25,1.725
7,,recent_whip,717835,1.4719512966476915,1.6291666666666667
8,,recent_battersFaced,717835,23.624999999999996,21.5
