,f1,index,game_id,Away_Starter,Home Starter
0,,player_id,718020,592351,680570
1,,career_era,718020,5.571410466309125,4.054927322000492
2,,career_homeRuns,718020,0.3148148148148148,0.37037037037037035
3,,career_whip,718020,1.7260441748562676,1.104574197257124
4,,career_battersFaced,718020,18.50925925925926,11.62962962962963
5,,recent_era,718020,2.585294117647059,10.265345843672458
6,,recent_homeRuns,718020,0.5249999999999999,1.625
7,,recent_whip,718020,1.0650735294117646,2.1028140508684863
8,,recent_battersFaced,718020,24.05,20.724999999999998
