,f1,index,game_id,Away_Starter,Home Starter
0,,player_id,717862,663947,554430
1,,career_era,717862,0.0,7.415041994906852
2,,career_homeRuns,717862,0.0,0.31313131313131315
3,,career_whip,717862,0.0,1.5795858689860174
4,,career_battersFaced,717862,0.0,18.858585858585858
5,,recent_era,717862,22.5,6.9522321428571425
6,,recent_homeRuns,717862,1.0,0.75
7,,recent_whip,717862,5.0,1.4680059523809523
8,,recent_battersFaced,717862,11.0,25.125
