,f1,index,game_id,Away_Starter,Home Starter
0,,player_id,718064,506433,669022
1,,career_era,718064,4.681468792847628,4.886306613216005
2,,career_homeRuns,718064,0.5439189189189189,0.1875
3,,career_whip,718064,1.113857855760557,1.7460425485330608
4,,career_battersFaced,718064,18.581081081081084,14.5
5,,recent_era,718064,4.078353525032842,4.089705882352941
6,,recent_homeRuns,718064,1.025,0.6
7,,recent_whip,718064,1.2060423052595728,1.5868872549019608
8,,recent_battersFaced,718064,23.55,22.049999999999997
