,f1,index,game_id,Away_Starter,Home Starter
0,,player_id,718534,669203,623167
1,,career_era,718534,3.2978636508622188,5.106915398298771
2,,career_homeRuns,718534,0.47957516339869277,0.733974358974359
3,,career_whip,718534,1.0339512054228654,1.4752224424564622
4,,career_battersFaced,718534,22.263071895424837,22.174145299145298
5,,recent_era,718534,6.44911149825784,11.444412442396313
6,,recent_homeRuns,718534,0.85,0.925
7,,recent_whip,718534,1.4868162020905924,2.3850902457757295
8,,recent_battersFaced,718534,22.775,17.65
