,f1,index,game_id,Away_Starter,Home Starter
0,,player_id,717927,660261,665795
1,,career_era,717927,2.8571428571428568,6.176877828054298
2,,career_homeRuns,717927,0.0,0.3333333333333333
3,,career_whip,717927,1.126984126984127,1.5643652589240824
4,,career_battersFaced,717927,9.0,17.2
5,,recent_era,717927,18.067160278745643,5.895334987593053
6,,recent_homeRuns,717927,0.75,0.575
7,,recent_whip,717927,2.5059233449477354,1.3283250620347393
8,,recent_battersFaced,717927,19.349999999999998,21.275
