,f1,index,game_id,Away_Starter,Home Starter
0,,player_id,718130,592866,691587
1,,career_era,718130,4.400625,0.0
2,,career_homeRuns,718130,0.5,0.0
3,,career_whip,718130,1.4817857142857143,0.0
4,,career_battersFaced,718130,15.05,0.0
5,,recent_era,718130,4.45390243902439,8.142857142857142
6,,recent_homeRuns,718130,0.825,1.0
7,,recent_whip,718130,1.4684443533510967,1.5476190476190477
8,,recent_battersFaced,718130,18.724999999999998,17.5
