,f1,index,game_id,Away_Starter,Home Starter
0,,player_id,717860,543475,665795
1,,career_era,717860,6.008806480109401,4.723799822194239
2,,career_homeRuns,717860,1.071229536746778,0.4141414141414141
3,,career_whip,717860,1.5213649274992762,1.547903512886883
4,,career_battersFaced,717860,21.12713340299547,18.036363636363635
5,,recent_era,717860,9.809999999999999,4.457512406947891
6,,recent_homeRuns,717860,1.225,0.35
7,,recent_whip,717860,1.528333333333333,1.233271298593879
8,,recent_battersFaced,717860,21.325,21.424999999999997
