,f1,index,game_id,Away_Starter,Home Starter
0,,player_id,718043,668678,624133
1,,career_era,718043,2.439483270213781,6.72722282606342
2,,career_homeRuns,718043,0.3522727272727273,0.7580645161290323
3,,career_whip,718043,1.1779925567030776,1.4870843459578966
4,,career_battersFaced,718043,18.064393939393938,15.403225806451612
5,,recent_era,718043,5.310625,6.9379838709677415
6,,recent_homeRuns,718043,0.0,0.15
7,,recent_whip,718043,1.6739162112932604,2.0970967741935485
8,,recent_battersFaced,718043,24.6,17.45
