,f1,index,game_id,Away_Starter,Home Starter
0,,player_id,718592,615698,592866
1,,career_era,718592,4.780704701261689,5.2942084161749055
2,,career_homeRuns,718592,0.5908108108108108,0.7076023391812865
3,,career_whip,718592,1.3806543542954235,1.5611754934397228
4,,career_battersFaced,718592,21.379459459459458,18.067251461988302
5,,recent_era,718592,5.667857142857143,4.744852941176471
6,,recent_homeRuns,718592,0.55,0.825
7,,recent_whip,718592,1.5872252747252746,1.3656337535014005
8,,recent_battersFaced,718592,20.15,20.849999999999998
