,f1,index,game_id,Away_Starter,Home Starter
0,,player_id,718547,592767,628711
1,,career_era,718547,4.92661191749427,3.5285981957798347
2,,career_homeRuns,718547,0.78,0.6934065934065934
3,,career_whip,718547,1.4547688402102406,1.1288717732630669
4,,career_battersFaced,718547,19.186666666666664,21.14102564102564
5,,recent_era,718547,6.007578397212543,2.16
6,,recent_homeRuns,718547,0.7749999999999999,0.6
7,,recent_whip,718547,1.606743612078978,1.0725
8,,recent_battersFaced,718547,19.175,21.025
