,f1,index,game_id,Away_Starter,Home Starter
0,,player_id,718103,666129,657277
1,,career_era,718103,4.273029286505782,2.5711302480557774
2,,career_homeRuns,718103,0.5294117647058824,0.28055555555555556
3,,career_whip,718103,1.4065806114847996,1.0862109742686663
4,,career_battersFaced,718103,21.294117647058822,19.497222222222224
5,,recent_era,718103,6.699931023065886,1.9741359447004607
6,,recent_homeRuns,718103,0.95,0.49999999999999994
7,,recent_whip,718103,1.5064939484236473,1.095945340501792
8,,recent_battersFaced,718103,20.85,27.55
