,f1,index,game_id,Away_Starter,Home Starter
0,,player_id,717842,571616,650644
1,,career_era,717842,0.0,16.248620090248195
2,,career_homeRuns,717842,0.0,0.6666666666666666
3,,career_whip,717842,0.0,2.494298320590626
4,,career_battersFaced,717842,0.0,18.166666666666664
5,,recent_era,717842,0.0,2.996394230769231
6,,recent_homeRuns,717842,0.0,0.0
7,,recent_whip,717842,1.0,1.1370192307692308
8,,recent_battersFaced,717842,5.0,20.624999999999996
