,f1,index,game_id,Away_Starter,Home Starter
0,,player_id,717962,624133,673540
1,,career_era,717962,6.702985015974745,2.955822328931572
2,,career_homeRuns,717962,0.765625,0.5714285714285714
3,,career_whip,717962,1.5043730407918736,0.9852874483126586
4,,career_battersFaced,717962,15.328125,12.380952380952381
5,,recent_era,717962,8.20125,3.8400000000000003
6,,recent_homeRuns,717962,0.25,0.175
7,,recent_whip,717962,1.8499999999999999,1.56
8,,recent_battersFaced,717962,18.25,24.0
