,f1,index,game_id,Away_Starter,Home Starter
0,,player_id,717828,691587,656302
1,,career_era,717828,8.0,31.77382176196495
2,,career_homeRuns,717828,0.0,0.5139152435167615
3,,career_whip,717828,1.1111111111111112,4.427502283525441
4,,career_battersFaced,717828,9.999999999999998,20.19302129453932
5,,recent_era,717828,2.1102961672473866,3.990766634522662
6,,recent_homeRuns,717828,0.475,0.6
7,,recent_whip,717828,1.2030662020905922,1.2713958534233365
8,,recent_battersFaced,717828,19.825,22.025
