,f1,index,game_id,Away_Starter,Home Starter
0,,player_id,717915,547179,656302
1,,career_era,717915,7.179813617096895,33.779269416725135
2,,career_homeRuns,717915,1.0119047619047619,0.48361221321373116
3,,career_whip,717915,1.6272823855303624,4.668785644190081
4,,career_battersFaced,717915,17.595238095238095,19.975849577367605
5,,recent_era,717915,2.581318681318681,5.664590163934426
6,,recent_homeRuns,717915,0.75,0.825
7,,recent_whip,717915,0.9152442987120406,1.4387978142076503
8,,recent_battersFaced,717915,23.799999999999997,22.849999999999998
