,f1,index,game_id,Away_Starter,Home Starter
0,,player_id,718062,666205,622491
1,,career_era,718062,13.304415584415585,1.9348633260677932
2,,career_homeRuns,718062,0.4,0.5277777777777778
3,,career_whip,718062,2.8357575757575755,0.824472418336851
4,,career_battersFaced,718062,15.4,20.12962962962963
5,,recent_era,718062,9.126617647058824,5.9399999999999995
6,,recent_homeRuns,718062,1.0,1.35
7,,recent_whip,718062,1.9524509803921568,1.5
8,,recent_battersFaced,718062,20.799999999999997,23.749999999999996
