,f1,index,game_id,Away_Starter,Home Starter
0,,player_id,718136,543243,669160
1,,career_era,718136,5.093162020905924,4.058088235294118
2,,career_homeRuns,718136,0.5533333333333333,0.5
3,,career_whip,718136,1.2067307394502516,1.1044934640522877
4,,career_battersFaced,718136,19.113333333333333,19.666666666666668
5,,recent_era,718136,2.3236764705882353,3.2715304335133553
6,,recent_homeRuns,718136,0.0,0.15
7,,recent_whip,718136,1.1650980392156862,1.0559400087578454
8,,recent_battersFaced,718136,22.249999999999996,22.55
