,f1,index,game_id,Away_Starter,Home Starter
0,,player_id,718153,680686,666200
1,,career_era,718153,6.361996397173765,4.47809324338055
2,,career_homeRuns,718153,1.375,0.5119047619047619
3,,career_whip,718153,1.4941378624020083,1.275644622012035
4,,career_battersFaced,718153,21.78125,19.752380952380953
5,,recent_era,718153,2.525357142857143,4.713860609602313
6,,recent_homeRuns,718153,0.25,0.7749999999999999
7,,recent_whip,718153,1.3322619047619046,1.7334181711930614
8,,recent_battersFaced,718153,24.525,24.45
