,f1,index,game_id,Away_Starter,Home Starter
0,,player_id,718277,669330,693821
1,,career_era,718277,4.941560878146244,2.7881922955093685
2,,career_homeRuns,718277,0.6071428571428571,0.36363636363636365
3,,career_whip,718277,1.3165036944762554,1.212225714664739
4,,career_battersFaced,718277,17.392857142857142,21.454545454545453
5,,recent_era,718277,4.191855203619909,2.6911764705882355
6,,recent_homeRuns,718277,1.475,0.75
7,,recent_whip,718277,0.9462669683257918,1.1405485144877625
8,,recent_battersFaced,718277,22.575000000000003,23.675
