,f1,index,game_id,Away_Starter,Home Starter
0,,player_id,717906,607067,668933
1,,career_era,717906,3.5846153846153848,3.035672003816747
2,,career_homeRuns,717906,0.4444444444444444,0.27348484848484844
3,,career_whip,717906,0.8393162393162392,1.062798375564582
4,,career_battersFaced,717906,13.555555555555555,16.775757575757574
5,,recent_era,717906,4.79625,16.61365384615385
6,,recent_homeRuns,717906,1.15,1.25
7,,recent_whip,717906,1.2057843137254902,2.554230769230769
8,,recent_battersFaced,717906,20.775,21.874999999999996
