,f1,index,game_id,Away_Starter,Home Starter
0,,player_id,718028,518397,527054
1,,career_era,718028,0.0,8.660714285714285
2,,career_homeRuns,718028,0.0,0.16666666666666666
3,,career_whip,718028,0.0,1.7222222222222223
4,,career_battersFaced,718028,0.0,12.500000000000002
5,,recent_era,718028,0.0,4.33125
6,,recent_homeRuns,718028,0.0,0.575
7,,recent_whip,718028,0.75,0.8875
8,,recent_battersFaced,718028,4.25,11.575000000000001
