,f1,index,game_id,Away_Starter,Home Starter
0,,player_id,718462,664299,608331
1,,career_era,718462,3.259879785247432,3.512650967786167
2,,career_homeRuns,718462,0.6851851851851851,0.476010101010101
3,,career_whip,718462,1.0788465029886598,1.1743123296807676
4,,career_battersFaced,718462,20.925925925925927,22.94570707070707
5,,recent_era,718462,3.1575,0.7258064516129032
6,,recent_homeRuns,718462,0.75,0.175
7,,recent_whip,718462,1.0762179487179488,0.8753128855984487
8,,recent_battersFaced,718462,21.65,15.675
