,f1,index,game_id,Away_Starter,Home Starter
0,,player_id,718160,518876,607968
1,,career_era,718160,6.539860453634011,9.0
2,,career_homeRuns,718160,1.05,0.6666666666666666
3,,career_whip,718160,1.273552115244395,2.333333333333333
4,,career_battersFaced,718160,17.257142857142856,8.666666666666666
5,,recent_era,718160,3.5689285714285712,8.641925904977375
6,,recent_homeRuns,718160,0.675,1.0
7,,recent_whip,718160,0.9960714285714286,1.9628535067873303
8,,recent_battersFaced,718160,22.95,21.099999999999998
