,f1,index,game_id,Away_Starter,Home Starter
0,,player_id,717912,693433,571760
1,,career_era,717912,0.0,5.772085467647728
2,,career_homeRuns,717912,0.0,1.0266666666666668
3,,career_whip,717912,0.0,1.3901939800110714
4,,career_battersFaced,717912,0.0,19.793333333333337
5,,recent_era,717912,0.0,3.2745967741935487
6,,recent_homeRuns,717912,0.0,0.875
7,,recent_whip,717912,0.0,1.141973886328725
8,,recent_battersFaced,717912,0.0,24.05
