,f1,index,game_id,Away_Starter,Home Starter
0,,player_id,718251,592351,669302
1,,career_era,718251,5.571410466309125,4.567082340608033
2,,career_homeRuns,718251,0.3148148148148148,0.6319444444444444
3,,career_whip,718251,1.7260441748562676,1.2953569868798465
4,,career_battersFaced,718251,18.50925925925926,21.055555555555554
5,,recent_era,718251,5.122907239819004,4.866532258064516
6,,recent_homeRuns,718251,0.825,0.6
7,,recent_whip,718251,1.5032428355957768,1.1952956989247312
8,,recent_battersFaced,718251,20.45,22.075
