,f1,index,game_id,Away_Starter,Home Starter
0,,player_id,718052,677960,592866
1,,career_era,718052,6.1875,4.400625
2,,career_homeRuns,718052,0.5,0.5
3,,career_whip,718052,1.7395833333333333,1.4817857142857143
4,,career_battersFaced,718052,12.75,15.05
5,,recent_era,718052,4.390054945054945,4.125731707317073
6,,recent_homeRuns,718052,0.8,0.75
7,,recent_whip,718052,1.2334432234432233,1.3738102070096332
8,,recent_battersFaced,718052,20.975,19.499999999999996
