,f1,index,game_id,Away_Starter,Home Starter
0,,player_id,717936,672282,669854
1,,career_era,717936,7.1412257408864415,0.0
2,,career_homeRuns,717936,0.7592592592592593,0.0
3,,career_whip,717936,1.8261160025150798,0.0
4,,career_battersFaced,717936,19.09259259259259,0.0
5,,recent_era,717936,5.776400093808631,0.0
6,,recent_homeRuns,717936,0.25,0.0
7,,recent_whip,717936,1.7702321763602251,0.8172043010752688
8,,recent_battersFaced,717936,22.324999999999996,11.5
