,f1,index,game_id,Away_Starter,Home Starter
0,,player_id,717833,664299,671106
1,,career_era,717833,3.259879785247432,31.426923076923075
2,,career_homeRuns,717833,0.6851851851851851,0.3333333333333333
3,,career_whip,717833,1.0788465029886598,3.988461538461538
4,,career_battersFaced,717833,20.925925925925927,12.833333333333332
5,,recent_era,717833,1.7999999999999998,2.828189493433396
6,,recent_homeRuns,717833,0.75,0.425
7,,recent_whip,717833,0.9624999999999999,1.4219891896721164
8,,recent_battersFaced,717833,21.599999999999998,24.874999999999996
