,f1,index,game_id,Away_Starter,Home Starter
0,,player_id,717909,596295,663738
1,,career_era,717909,17.820230478176647,18.31869060036602
2,,career_homeRuns,717909,0.6424963924963925,0.7214285714285715
3,,career_whip,717909,3.4820126634262594,3.0868177008565656
4,,career_battersFaced,717909,17.473665223665222,20.026190476190475
5,,recent_era,717909,7.805905404587545,7.554415153158038
6,,recent_homeRuns,717909,1.275,0.32499999999999996
7,,recent_whip,717909,1.6708429159353628,1.9331706876298904
8,,recent_battersFaced,717909,22.074999999999996,17.474999999999998
