,f1,index,game_id,Away_Starter,Home Starter
0,,player_id,718024,471911,543294
1,,career_era,718024,5.327677318204934,6.849047773424567
2,,career_homeRuns,718024,0.59375,0.9555555555555555
3,,career_whip,718024,1.5792618444721003,1.6081971006038438
4,,career_battersFaced,718024,21.625,18.808333333333334
5,,recent_era,718024,7.70625,4.824878048780487
6,,recent_homeRuns,718024,0.7749999999999999,0.85
7,,recent_whip,718024,1.4375,1.2770336654070766
8,,recent_battersFaced,718024,19.85,20.825000000000003
