,f1,index,game_id,Away_Starter,Home Starter
0,,player_id,718191,672282,615698
1,,career_era,718191,7.1412257408864415,4.576125857026291
2,,career_homeRuns,718191,0.7592592592592593,0.8205128205128205
3,,career_whip,718191,1.8261160025150798,1.4383705079341533
4,,career_battersFaced,718191,19.09259259259259,19.807692307692307
5,,recent_era,718191,6.084784624611694,3.8491253975465693
6,,recent_homeRuns,718191,0.6749999999999999,0.575
7,,recent_whip,718191,1.6693797096545997,1.2996854784621708
8,,recent_battersFaced,718191,22.025,24.55
