,f1,index,game_id,Away_Starter,Home Starter
0,,player_id,718169,657277,694297
1,,career_era,718169,2.5711302480557774,3.0
2,,career_homeRuns,718169,0.28055555555555556,1.0
3,,career_whip,718169,1.0862109742686663,0.6666666666666666
4,,career_battersFaced,718169,19.497222222222224,11.0
5,,recent_era,718169,2.775460829493088,8.55
6,,recent_homeRuns,718169,0.75,1.5
7,,recent_whip,718169,1.1695532514080902,1.6035714285714284
8,,recent_battersFaced,718169,27.75,16.35
