,f1,index,game_id,Away_Starter,Home Starter
0,,player_id,718556,663556,666201
1,,career_era,718556,3.4382287587852227,3.3027211172111803
2,,career_homeRuns,718556,0.6077441077441077,0.5218253968253967
3,,career_whip,718556,1.2062061923788927,1.0918184506088027
4,,career_battersFaced,718556,20.48989898989899,22.29761904761905
5,,recent_era,718556,1.515,4.674164044059795
6,,recent_homeRuns,718556,0.175,0.6
7,,recent_whip,718556,1.0290151515151515,1.6441529916451239
8,,recent_battersFaced,718556,20.0,22.55
