,f1,index,game_id,Away_Starter,Home Starter
0,,player_id,718091,518876,672710
1,,career_era,718091,6.539860453634011,5.955642873323913
2,,career_homeRuns,718091,1.05,0.6842105263157895
3,,career_whip,718091,1.273552115244395,1.5187574249607023
4,,career_battersFaced,718091,17.257142857142856,20.842105263157894
5,,recent_era,718091,3.3889285714285715,4.345893195988073
6,,recent_homeRuns,718091,0.825,0.925
7,,recent_whip,718091,0.9560714285714286,1.443444474564019
8,,recent_battersFaced,718091,24.125,25.049999999999997
