,f1,index,game_id,Away_Starter,Home Starter
0,,player_id,718089,666214,680686
1,,career_era,718089,4.920779220779221,6.361996397173765
2,,career_homeRuns,718089,0.2857142857142857,1.375
3,,career_whip,718089,1.410368893779032,1.4941378624020083
4,,career_battersFaced,718089,18.714285714285715,21.78125
5,,recent_era,718089,7.539335664335663,2.1717857142857144
6,,recent_homeRuns,718089,0.9249999999999999,0.175
7,,recent_whip,718089,1.8438519813519814,1.2935714285714286
8,,recent_battersFaced,718089,20.65,26.674999999999997
