,f1,index,game_id,Away_Starter,Home Starter
0,,player_id,717993,656756,683769
1,,career_era,717993,4.623334632580801,18.241935483870968
2,,career_homeRuns,717993,0.6235294117647059,4.0
3,,career_whip,717993,1.3721863064336879,2.467741935483871
4,,career_battersFaced,717993,21.376470588235293,20.333333333333332
5,,recent_era,717993,6.2062713472485775,7.237499999999999
6,,recent_homeRuns,717993,1.275,0.175
7,,recent_whip,717993,1.7896979759645795,1.5270833333333333
8,,recent_battersFaced,717993,24.125,20.125
