,f1,index,game_id,Away_Starter,Home Starter
0,,player_id,718055,656731,592767
1,,career_era,718055,9.707124374676557,7.536656101749358
2,,career_homeRuns,718055,0.6,1.114814814814815
3,,career_whip,718055,1.8725153096429186,1.7068071383023327
4,,career_battersFaced,718055,18.7,17.85185185185185
5,,recent_era,718055,4.583653846153846,2.9061290322580646
6,,recent_homeRuns,718055,0.4,0.6
7,,recent_whip,718055,1.4814102564102563,1.0137096774193548
8,,recent_battersFaced,718055,21.224999999999998,21.6
