,f1,index,game_id,Away_Starter,Home Starter
0,,player_id,718086,621076,664285
1,,career_era,718086,4.7461006171154745,3.6950083831157046
2,,career_homeRuns,718086,0.7076923076923077,0.5266666666666666
3,,career_whip,718086,1.4285126173742566,1.3416881764966897
4,,career_battersFaced,718086,21.484615384615385,24.522222222222222
5,,recent_era,718086,9.912447478991597,4.3098214285714285
6,,recent_homeRuns,718086,1.2,0.975
7,,recent_whip,718086,2.046924019607843,1.231845238095238
8,,recent_battersFaced,718086,23.35,24.925
