,f1,index,game_id,Away_Starter,Home Starter
0,,player_id,718562,592351,686613
1,,career_era,718562,5.447177733349692,1.7727272727272727
2,,career_homeRuns,718562,0.7175480769230769,0.0
3,,career_whip,718562,1.4378522230621882,1.1022727272727273
4,,career_battersFaced,718562,20.87379807692308,16.75
5,,recent_era,718562,1.6030895334174022,6.586607142857142
6,,recent_homeRuns,718562,0.75,0.175
7,,recent_whip,718562,1.10984394703657,1.4098214285714286
8,,recent_battersFaced,718562,19.45,16.675
