,f1,index,game_id,Away_Starter,Home Starter
0,,player_id,717868,669461,641540
1,,career_era,717868,7.188491232270033,5.497072951561876
2,,career_homeRuns,717868,0.7857142857142857,0.6107336956521738
3,,career_whip,717868,2.146365232309933,1.6454566344365884
4,,career_battersFaced,717868,15.428571428571429,20.420516304347828
5,,recent_era,717868,3.465,2.5701923076923077
6,,recent_homeRuns,717868,0.175,0.0
7,,recent_whip,717868,1.0899999999999999,1.3018589743589744
8,,recent_battersFaced,717868,17.924999999999997,22.999999999999996
