,f1,index,game_id,Away_Starter,Home Starter
0,,player_id,717903,592767,506433
1,,career_era,717903,5.976695687011325,4.681468792847628
2,,career_homeRuns,717903,0.9170594837261503,0.5439189189189189
3,,career_whip,717903,1.5746651233749034,1.113857855760557
4,,career_battersFaced,717903,18.617283950617285,18.581081081081084
5,,recent_era,717903,5.237039170506913,10.262126962221839
6,,recent_homeRuns,717903,0.575,1.1
7,,recent_whip,717903,1.388536866359447,1.628432091311598
8,,recent_battersFaced,717903,21.025,21.4
