,f1,index,game_id,Away_Starter,Home Starter
0,,player_id,718121,641482,621244
1,,career_era,718121,3.163341124928333,11.13464129643512
2,,career_homeRuns,718121,0.7436974789915967,0.7989766081871346
3,,career_whip,718121,1.1044010385327199,2.1812309551673654
4,,career_battersFaced,718121,21.260504201680675,22.33698830409357
5,,recent_era,718121,8.437682926829268,3.5329214661905115
6,,recent_homeRuns,718121,0.95,0.85
7,,recent_whip,718121,1.6837804878048779,1.3353866641234047
8,,recent_battersFaced,718121,22.075,25.45
