,f1,index,game_id,Away_Starter,Home Starter
0,,player_id,717922,622491,592351
1,,career_era,717922,2.9038241325209273,5.571410466309125
2,,career_homeRuns,717922,0.29713804713804715,0.3148148148148148
3,,career_whip,717922,1.1045734442539303,1.7260441748562676
4,,career_battersFaced,717922,19.437149270482603,18.50925925925926
5,,recent_era,717922,3.2914285714285714,2.0552521008403364
6,,recent_homeRuns,717922,0.8499999999999999,0.725
7,,recent_whip,717922,1.0635714285714286,1.0026523109243697
8,,recent_battersFaced,717922,23.224999999999998,24.45
