,f1,index,game_id,Away_Starter,Home Starter
0,,player_id,717812,673540,670912
1,,career_era,717812,2.565639589169001,7.045765435939772
2,,career_homeRuns,717812,0.4444444444444444,0.39015151515151514
3,,career_whip,717812,0.9737420894283639,2.0224859396348958
4,,career_battersFaced,717812,13.11111111111111,20.40719696969697
5,,recent_era,717812,5.625681818181818,2.632791476815867
6,,recent_homeRuns,717812,0.4,0.35
7,,recent_whip,717812,1.8884415584415586,1.3871546948985973
8,,recent_battersFaced,717812,21.55,23.625
