,f1,index,game_id,Away_Starter,Home Starter
0,,player_id,718165,450203,674003
1,,career_era,718165,3.35440698199183,0.0
2,,career_homeRuns,718165,0.6060606060606061,0.0
3,,career_whip,718165,1.2539054977723343,0.0
4,,career_battersFaced,718165,20.28030303030303,0.0
5,,recent_era,718165,3.452205882352941,4.5
6,,recent_homeRuns,718165,0.6,0.0
7,,recent_whip,718165,1.2911764705882354,1.5
8,,recent_battersFaced,718165,24.325,8.0
