,f1,index,game_id,Away_Starter,Home Starter
0,,player_id,718305,458681,668881
1,,career_era,718305,3.9177802901969776,16.557091149647572
2,,career_homeRuns,718305,0.7416666666666667,1.0185185185185186
3,,career_whip,718305,1.2652335238951626,2.7363123070322937
4,,career_battersFaced,718305,21.895833333333336,13.277777777777779
5,,recent_era,718305,8.241173824587811,1.8053571428571429
6,,recent_homeRuns,718305,1.2999999999999998,0.0
7,,recent_whip,718305,1.6941875210700035,1.3148809523809524
8,,recent_battersFaced,718305,24.700000000000003,21.275
