,f1,index,game_id,Away_Starter,Home Starter
0,,player_id,718139,669194,665622
1,,career_era,718139,1.886029411764706,0.0
2,,career_homeRuns,718139,0.5,0.0
3,,career_whip,718139,0.8401610644257703,0.0
4,,career_battersFaced,718139,20.5,0.0
5,,recent_era,718139,8.015357142857143,8.55
6,,recent_homeRuns,718139,0.975,1.5
7,,recent_whip,718139,1.8786904761904761,1.5166666666666668
8,,recent_battersFaced,718139,21.099999999999998,25.0
