,f1,index,game_id,Away_Starter,Home Starter
0,,player_id,718079,446372,608379
1,,career_era,718079,8.692658807441921,4.173994309012185
2,,career_homeRuns,718079,0.5707070707070707,0.6674074074074074
3,,career_whip,718079,2.0398282527378906,1.2660683577891634
4,,career_battersFaced,718079,20.31060606060606,19.414074074074072
5,,recent_era,718079,6.228970588235295,3.0075
6,,recent_homeRuns,718079,1.4,0.175
7,,recent_whip,718079,1.544656862745098,1.025595238095238
8,,recent_battersFaced,718079,23.75,22.725
