,f1,index,game_id,Away_Starter,Home Starter
0,,player_id,718567,669194,666129
1,,career_era,718567,1.886029411764706,4.948517886721797
2,,career_homeRuns,718567,0.5,0.4789915966386554
3,,career_whip,718567,0.8401610644257703,1.7536341805070974
4,,career_battersFaced,718567,20.5,20.718487394957982
5,,recent_era,718567,4.232152908067542,5.584347778745644
6,,recent_homeRuns,718567,0.25,0.15
7,,recent_whip,718567,1.2675422138836774,1.8371969367015097
8,,recent_battersFaced,718567,20.95,16.75
