,f1,index,game_id,Away_Starter,Home Starter
0,,player_id,718308,689266,666200
1,,career_era,718308,0.0,4.47809324338055
2,,career_homeRuns,718308,0.0,0.5119047619047619
3,,career_whip,718308,0.0,1.275644622012035
4,,career_battersFaced,718308,0.0,19.752380952380953
5,,recent_era,718308,5.611463414634146,5.0656230364996855
6,,recent_homeRuns,718308,0.85,0.925
7,,recent_whip,718308,1.56239837398374,1.5682005769120924
8,,recent_battersFaced,718308,19.625,23.599999999999998
