,f1,index,game_id,Away_Starter,Home Starter
0,,player_id,718482,592866,641816
1,,career_era,718482,5.2942084161749055,4.83959921072446
2,,career_homeRuns,718482,0.7076023391812865,0.6264550264550265
3,,career_whip,718482,1.5611754934397228,1.3505387808788343
4,,career_battersFaced,718482,18.067251461988302,20.38994708994709
5,,recent_era,718482,2.5023529411764707,4.27059668989547
6,,recent_homeRuns,718482,0.5,0.75
7,,recent_whip,718482,1.0713480392156862,1.3770078397212544
8,,recent_battersFaced,718482,19.65,20.15
