,f1,index,game_id,Away_Starter,Home Starter
0,,player_id,717999,657277,669203
1,,career_era,717999,2.5711302480557774,2.333768046638803
2,,career_homeRuns,717999,0.28055555555555556,0.5138888888888888
3,,career_whip,717999,1.0862109742686663,0.6986772319963392
4,,career_battersFaced,717999,19.497222222222224,17.069444444444443
5,,recent_era,717999,1.4194124423963135,4.125
6,,recent_homeRuns,717999,0.32499999999999996,1.425
7,,recent_whip,717999,1.0779729902713773,1.3541666666666665
8,,recent_battersFaced,717999,26.375,24.625
