,f1,index,game_id,Away_Starter,Home Starter
0,,player_id,718231,622608,448179
1,,career_era,718231,5.169514173398477,5.667317852867377
2,,career_homeRuns,718231,0.28125,0.5836466165413534
3,,career_whip,718231,1.7617542942698,1.4862231201048193
4,,career_battersFaced,718231,23.96875,19.102443609022558
5,,recent_era,718231,11.737499999999999,3.5299108003857285
6,,recent_homeRuns,718231,0.575,0.575
7,,recent_whip,718231,2.1083333333333334,1.5413982642237225
8,,recent_battersFaced,718231,19.775,24.724999999999998
