,f1,index,game_id,Away_Starter,Home Starter
0,,player_id,718451,477132,573186
1,,career_era,718451,5.247330551081072,3.6334240164751637
2,,career_homeRuns,718451,0.537037037037037,0.5537766830870279
3,,career_whip,718451,1.3144518207121376,1.4352222025283392
4,,career_battersFaced,718451,20.370370370370367,20.70279146141215
5,,recent_era,718451,2.0625,0.75
6,,recent_homeRuns,718451,0.5249999999999999,0.0
7,,recent_whip,718451,0.8529761904761904,0.9522435897435898
8,,recent_battersFaced,718451,23.625,23.075
