,f1,index,game_id,Away_Starter,Home Starter
0,,player_id,718111,425844,656629
1,,career_era,718111,4.775719271905707,3.0585268583239746
2,,career_homeRuns,718111,0.6468298109010011,0.5357142857142857
3,,career_whip,718111,1.4226164675458801,0.996035490809227
4,,career_battersFaced,718111,21.614571746384872,16.464285714285715
5,,recent_era,718111,6.723389423076924,5.443928571428571
6,,recent_homeRuns,718111,1.15,1.15
7,,recent_whip,718111,1.3484134615384613,1.5466666666666664
8,,recent_battersFaced,718111,19.775,23.025
