,f1,index,game_id,Away_Starter,Home Starter
0,,player_id,717967,615698,502043
1,,career_era,717967,4.576125857026291,7.960346868326557
2,,career_homeRuns,717967,0.8205128205128205,0.6115440115440115
3,,career_whip,717967,1.4383705079341533,1.9406463119262987
4,,career_battersFaced,717967,19.807692307692307,20.243722943722943
5,,recent_era,717967,5.840858613217768,3.4128801843317973
6,,recent_homeRuns,717967,0.825,0.32499999999999996
7,,recent_whip,717967,1.2363488624052004,1.2895545314900152
8,,recent_battersFaced,717967,23.025,25.55
