,f1,index,game_id,Away_Starter,Home Starter
0,,player_id,718182,663776,676440
1,,career_era,718182,3.6916852128397553,0.0
2,,career_homeRuns,718182,0.49059561128526646,0.0
3,,career_whip,718182,1.3465366523441165,0.0
4,,career_battersFaced,718182,23.08307210031348,0.0
5,,recent_era,718182,4.3441598360655735,5.503393665158371
6,,recent_homeRuns,718182,0.425,0.3333333333333333
7,,recent_whip,718182,1.4556352459016393,1.7918866264454498
8,,recent_battersFaced,718182,23.174999999999997,20.666666666666664
