,f1,index,game_id,Away_Starter,Home Starter
0,,player_id,718140,672578,506433
1,,career_era,718140,6.041468941615569,4.681468792847628
2,,career_homeRuns,718140,0.45454545454545453,0.5439189189189189
3,,career_whip,718140,1.4995467875233268,1.113857855760557
4,,career_battersFaced,718140,19.81818181818182,18.581081081081084
5,,recent_era,718140,12.487499999999999,2.65864498404821
6,,recent_homeRuns,718140,0.5,0.7749999999999999
7,,recent_whip,718140,2.6083333333333334,1.0365945882074912
8,,recent_battersFaced,718140,20.5,24.05
