,f1,index,game_id,Away_Starter,Home Starter
0,,player_id,717844,477132,668933
1,,career_era,717844,2.9849261672312846,6.20904862719337
2,,career_homeRuns,717844,0.7406285072951738,0.3138888888888889
3,,career_whip,717844,1.049980720172149,1.3675843303505366
4,,career_battersFaced,717844,21.001234567901232,16.42222222222222
5,,recent_era,717844,5.391964285714286,12.163846153846153
6,,recent_homeRuns,717844,0.9,1.4
7,,recent_whip,717844,1.4732142857142858,2.1782692307692306
8,,recent_battersFaced,717844,22.25,23.875
