,f1,index,game_id,Away_Starter,Home Starter
0,,player_id,718489,686613,693821
1,,career_era,718489,1.7727272727272727,2.7881922955093685
2,,career_homeRuns,718489,0.0,0.36363636363636365
3,,career_whip,718489,1.1022727272727273,1.212225714664739
4,,career_battersFaced,718489,16.75,21.454545454545453
5,,recent_era,718489,1.8937499999999998,2.111029411764706
6,,recent_homeRuns,718489,0.175,0.175
7,,recent_whip,718489,0.863392857142857,1.2791646576663454
8,,recent_battersFaced,718489,20.224999999999998,20.675
