,f1,index,game_id,Away_Starter,Home Starter
0,,player_id,718035,605483,663623
1,,career_era,718035,5.1959875892608345,0.0
2,,career_homeRuns,718035,0.4666666666666667,0.0
3,,career_whip,718035,1.5048873712203883,0.0
4,,career_battersFaced,718035,16.483333333333334,0.0
5,,recent_era,718035,5.9775,7.853975292999683
6,,recent_homeRuns,718035,1.0,0.5
7,,recent_whip,718035,1.3908333333333334,2.0921328438321645
8,,recent_battersFaced,718035,23.099999999999998,20.0
