,f1,index,game_id,Away_Starter,Home Starter
0,,player_id,718095,666745,596133
1,,career_era,718095,42.239999999999995,15.673295454545455
2,,career_homeRuns,718095,0.13333333333333333,1.6666666666666667
3,,career_whip,718095,5.08,2.7042297979797976
4,,career_battersFaced,718095,9.2,14.833333333333332
5,,recent_era,718095,6.454556541019955,6.1950695287495865
6,,recent_homeRuns,718095,1.175,1.575
7,,recent_whip,718095,1.7361141906873616,1.556540852738844
8,,recent_battersFaced,718095,17.9,23.775
