,f1,index,game_id,Away_Starter,Home Starter
0,,player_id,718540,660271,678394
1,,career_era,718540,9.52402463529748,4.65
2,,career_homeRuns,718540,0.5806650246305419,0.0
3,,career_whip,718540,1.8087843840705138,1.2851851851851852
4,,career_battersFaced,718540,21.73399014778325,13.88888888888889
5,,recent_era,718540,0.645,3.7341176470588238
6,,recent_homeRuns,718540,0.0,0.175
7,,recent_whip,718540,0.878452380952381,1.8842156862745096
8,,recent_battersFaced,718540,20.075,23.875
