,f1,index,game_id,Away_Starter,Home Starter
0,,player_id,717819,677960,607536
1,,career_era,717819,6.1875,5.140326471390675
2,,career_homeRuns,717819,0.5,0.5779857397504456
3,,career_whip,717819,1.7395833333333333,1.4865694111489611
4,,career_battersFaced,717819,12.75,19.437388591800357
5,,recent_era,717819,11.899038461538462,7.3738186813186815
6,,recent_homeRuns,717819,1.075,1.0
7,,recent_whip,717819,2.98974358974359,1.8030494505494505
8,,recent_battersFaced,717819,20.075,22.424999999999997
