,f1,index,game_id,Away_Starter,Home Starter
0,,player_id,718098,676664,686613
1,,career_era,718098,5.912867647058824,1.7727272727272727
2,,career_homeRuns,718098,0.5833333333333334,0.0
3,,career_whip,718098,1.6457610608345903,1.1022727272727273
4,,career_battersFaced,718098,19.583333333333336,16.75
5,,recent_era,718098,6.293113342898135,5.547205842937551
6,,recent_homeRuns,718098,1.325,0.75
7,,recent_whip,718098,1.2796987087517935,1.7999463950683463
8,,recent_battersFaced,718098,22.475,22.474999999999998
