,f1,index,game_id,Away_Starter,Home Starter
0,,player_id,717958,693821,676664
1,,career_era,717958,2.7881922955093685,5.912867647058824
2,,career_homeRuns,717958,0.36363636363636365,0.5833333333333334
3,,career_whip,717958,1.212225714664739,1.6457610608345903
4,,career_battersFaced,717958,21.454545454545453,19.583333333333336
5,,recent_era,717958,2.063823529411765,3.3617647058823534
6,,recent_homeRuns,717958,0.25,0.95
7,,recent_whip,717958,1.2154621848739495,0.961764705882353
8,,recent_battersFaced,717958,23.325,21.5
