,f1,index,game_id,Away_Starter,Home Starter
0,,player_id,717891,571510,656629
1,,career_era,717891,4.8398436480932805,3.0585268583239746
2,,career_homeRuns,717891,0.75,0.5357142857142857
3,,career_whip,717891,1.499817577667728,0.996035490809227
4,,career_battersFaced,717891,20.705882352941174,16.464285714285715
5,,recent_era,717891,11.15345904095904,3.8451219512195123
6,,recent_homeRuns,717891,0.575,1.1
7,,recent_whip,717891,2.39770646020646,1.0725137921022068
8,,recent_battersFaced,717891,20.45,22.749999999999996
