,f1,index,game_id,Away_Starter,Home Starter
0,,player_id,718041,571927,594902
1,,career_era,718041,6.401458766856781,0.0
2,,career_homeRuns,718041,0.6322916666666667,0.0
3,,career_whip,718041,1.5043536450898953,0.0
4,,career_battersFaced,718041,19.286458333333332,0.0
5,,recent_era,718041,3.567352941176471,3.7341346153846153
6,,recent_homeRuns,718041,0.49999999999999994,0.675
7,,recent_whip,718041,1.7064355742296917,1.0213141025641026
8,,recent_battersFaced,718041,22.1,15.45
