,f1,index,game_id,Away_Starter,Home Starter
0,,player_id,718117,605288,663556
1,,career_era,718117,4.888867654085045,3.21138382472867
2,,career_homeRuns,718117,0.32065217391304346,0.6030092592592593
3,,career_whip,718117,1.5428239333130636,1.161032312088572
4,,career_battersFaced,718117,17.842391304347824,20.725694444444443
5,,recent_era,718117,6.690380184331797,3.5925000000000002
6,,recent_homeRuns,718117,0.25,1.15
7,,recent_whip,718117,1.9415130568356376,1.4449999999999998
8,,recent_battersFaced,718117,14.450000000000001,22.775000000000002
