,f1,index,game_id,Away_Starter,Home Starter
0,,player_id,718503,673540,663546
1,,career_era,718503,3.0,0.0
2,,career_homeRuns,718503,0.6666666666666666,0.0
3,,career_whip,718503,1.0,0.0
4,,career_battersFaced,718503,5.999999999999999,0.0
5,,recent_era,718503,4.064180672268908,3.0
6,,recent_homeRuns,718503,0.75,1.0
7,,recent_whip,718503,1.4793942577030812,1.3333333333333333
8,,recent_battersFaced,718503,20.375,13.0
