,f1,index,game_id,Away_Starter,Home Starter
0,,player_id,718005,669947,547179
1,,career_era,718005,0.0,7.179813617096895
2,,career_homeRuns,718005,0.0,1.0119047619047619
3,,career_whip,718005,0.0,1.6272823855303624
4,,career_battersFaced,718005,0.0,17.595238095238095
5,,recent_era,718005,5.25,3.963461538461538
6,,recent_homeRuns,718005,0.5,0.9
7,,recent_whip,718005,1.3333333333333335,1.1732051282051281
8,,recent_battersFaced,718005,10.0,24.099999999999998
