,f1,index,game_id,Away_Starter,Home Starter
0,,player_id,718180,621107,657376
1,,career_era,718180,3.55177472108684,3.834146341463415
2,,career_homeRuns,718180,0.625,0.0
3,,career_whip,718180,1.1407258233382471,1.167479674796748
4,,career_battersFaced,718180,17.3125,13.2
5,,recent_era,718180,3.12,4.0125
6,,recent_homeRuns,718180,0.75,0.925
7,,recent_whip,718180,1.0504761904761903,1.5803369293308318
8,,recent_battersFaced,718180,23.0,22.05
