,f1,index,game_id,Away_Starter,Home Starter
0,,player_id,717829,680686,700363
1,,career_era,717829,2.480597414417298,0.0
2,,career_homeRuns,717829,0.5069444444444444,0.0
3,,career_whip,717829,1.0428746451122177,0.0
4,,career_battersFaced,717829,16.13020833333333,0.0
5,,recent_era,717829,3.8154201680672273,0.0
6,,recent_homeRuns,717829,0.75,0.0
7,,recent_whip,717829,1.587514005602241,0.0
8,,recent_battersFaced,717829,24.3,0.0
