,f1,index,game_id,Away_Starter,Home Starter
0,,player_id,718271,543037,642770
1,,career_era,718271,4.297840463799443,0.0
2,,career_homeRuns,718271,0.9149728997289973,0.0
3,,career_whip,718271,1.2692888611497648,0.0
4,,career_battersFaced,718271,22.672425474254744,0.0
5,,recent_era,718271,1.861520737327189,0.0
6,,recent_homeRuns,718271,0.0,0.0
7,,recent_whip,718271,1.0258478081058726,10.0
8,,recent_battersFaced,718271,25.749999999999996,4.0
