,f1,index,game_id,Away_Starter,Home Starter
0,,player_id,718119,615698,471911
1,,career_era,718119,4.576125857026291,5.327677318204934
2,,career_homeRuns,718119,0.8205128205128205,0.59375
3,,career_whip,718119,1.4383705079341533,1.5792618444721003
4,,career_battersFaced,718119,19.807692307692307,21.625
5,,recent_era,718119,4.108984552476147,7.1517857142857135
6,,recent_homeRuns,718119,0.6,0.975
7,,recent_whip,718119,1.3799084831570065,1.4169642857142857
8,,recent_battersFaced,718119,23.95,19.025
