,f1,index,game_id,Away_Starter,Home Starter
0,,player_id,717939,657376,669923
1,,career_era,717939,4.648134968886346,5.560892224306858
2,,career_homeRuns,717939,0.48484848484848486,0.5555555555555556
3,,career_whip,717939,1.1593861816127748,1.4769283712373142
4,,career_battersFaced,717939,13.230303030303029,21.11111111111111
5,,recent_era,717939,4.5,5.546889400921659
6,,recent_homeRuns,717939,0.175,1.4
7,,recent_whip,717939,1.571849593495935,1.4206989247311828
8,,recent_battersFaced,717939,21.525000000000002,26.65
