,f1,index,game_id,Away_Starter,Home Starter
0,,player_id,718008,605135,641154
1,,career_era,718008,4.229863234453713,3.525740641015321
2,,career_homeRuns,718008,0.5835164835164834,0.5785714285714285
3,,career_whip,718008,1.230952861683107,1.2519328719623162
4,,career_battersFaced,718008,23.072527472527472,17.17857142857143
5,,recent_era,718008,1.817704918032787,5.486768149882904
6,,recent_homeRuns,718008,0.9,1.25
7,,recent_whip,718008,0.9285037730939371,1.2030835284933645
8,,recent_battersFaced,718008,25.625,23.9
