,f1,index,game_id,Away_Starter,Home Starter
0,,player_id,718171,660271,680570
1,,career_era,718171,7.232142857142857,4.527763699714919
2,,career_homeRuns,718171,0.25,0.2857142857142857
3,,career_whip,718171,1.875,1.1154049202829692
4,,career_battersFaced,718171,6.0,10.761904761904761
5,,recent_era,718171,1.8589285714285713,6.164134615384615
6,,recent_homeRuns,718171,0.0,1.55
7,,recent_whip,718171,1.306904761904762,1.7608173076923077
8,,recent_battersFaced,718171,14.899999999999999,21.049999999999997
