,f1,index,game_id,Away_Starter,Home Starter
0,,player_id,718060,669194,621381
1,,career_era,718060,1.886029411764706,3.5
2,,career_homeRuns,718060,0.5,1.3333333333333333
3,,career_whip,718060,0.8401610644257703,1.0000000000000002
4,,career_battersFaced,718060,20.5,20.0
5,,recent_era,718060,6.215357142857142,5.97742366741418
6,,recent_homeRuns,718060,0.675,0.35
7,,recent_whip,718060,1.7687885154061624,1.3818512448967857
8,,recent_battersFaced,718060,20.85,17.2
