,f1,index,game_id,Away_Starter,Home Starter
0,,player_id,717951,641540,666214
1,,career_era,717951,5.497072951561876,4.920779220779221
2,,career_homeRuns,717951,0.6107336956521738,0.2857142857142857
3,,career_whip,717951,1.6454566344365884,1.410368893779032
4,,career_battersFaced,717951,20.420516304347828,18.714285714285715
5,,recent_era,717951,2.2326923076923073,13.440996503496503
6,,recent_homeRuns,717951,0.15,1.125
7,,recent_whip,717951,1.2418589743589743,2.7587412587412588
8,,recent_battersFaced,717951,22.925,19.375
