,f1,index,game_id,Away_Starter,Home Starter
0,,player_id,718412,669022,673540
1,,career_era,718412,4.886306613216005,2.5
2,,career_homeRuns,718412,0.1875,0.3333333333333333
3,,career_whip,718412,1.7460425485330608,0.8333333333333333
4,,career_battersFaced,718412,14.5,6.666666666666667
5,,recent_era,718412,3.365073529411765,5.189180672268908
6,,recent_homeRuns,718412,0.425,1.175
7,,recent_whip,718412,1.4360294117647059,1.673144257703081
8,,recent_battersFaced,718412,21.275,22.525
