,f1,index,game_id,Away_Starter,Home Starter
0,,player_id,718368,502171,506433
1,,career_era,718368,4.5761005349927215,4.703176259315619
2,,career_homeRuns,718368,0.275,0.5416666666666667
3,,career_whip,718368,1.9118484666807092,1.113895573976128
4,,career_battersFaced,718368,21.016666666666666,18.59722222222222
5,,recent_era,718368,2.30625,2.810104485678256
6,,recent_homeRuns,718368,0.32499999999999996,0.15
7,,recent_whip,718368,1.4960069444444444,1.1716438479553233
8,,recent_battersFaced,718368,24.599999999999998,22.974999999999998
