,f1,index,game_id,Away_Starter,Home Starter
0,,player_id,718057,676272,675911
1,,career_era,718057,0.0,4.993540838971517
2,,career_homeRuns,718057,0.0,0.43478260869565216
3,,career_whip,718057,0.0,1.360639592308853
4,,career_battersFaced,718057,0.0,20.17391304347826
5,,recent_era,718057,0.0,4.0529032258064515
6,,recent_homeRuns,718057,0.0,0.675
7,,recent_whip,718057,1.0,1.1494354838709677
8,,recent_battersFaced,718057,11.0,23.4
