,f1,index,game_id,Away_Starter,Home Starter
0,,player_id,718554,605400,570666
1,,career_era,718554,5.126214002778127,3.986172161172161
2,,career_homeRuns,718554,0.7320369149637442,0.3888888888888889
3,,career_whip,718554,1.218450002772039,1.2678876678876678
4,,career_battersFaced,718554,22.61272247857614,15.611111111111112
5,,recent_era,718554,12.30108173076923,5.71797794117647
6,,recent_homeRuns,718554,0.7749999999999999,0.65
7,,recent_whip,718554,2.3024839743589745,1.4562622549019608
8,,recent_battersFaced,718554,19.65,16.525
