,f1,index,game_id,Away_Starter,Home Starter
0,,player_id,717854,656427,592351
1,,career_era,717854,8.098193469460956,5.571410466309125
2,,career_homeRuns,717854,0.5555555555555556,0.3148148148148148
3,,career_whip,717854,1.9754059347316164,1.7260441748562676
4,,career_battersFaced,717854,18.902777777777775,18.50925925925926
5,,recent_era,717854,2.6976050420168067,0.8292857142857144
6,,recent_homeRuns,717854,0.15,0.4
7,,recent_whip,717854,1.4471848739495798,0.7258035714285713
8,,recent_battersFaced,717854,24.325,24.099999999999998
