,f1,index,game_id,Away_Starter,Home Starter
0,,player_id,718143,592836,548389
1,,career_era,718143,7.249893088671742,20.230771982093483
2,,career_homeRuns,718143,0.55,0.74
3,,career_whip,718143,1.5541290212621335,3.0438257776080606
4,,career_battersFaced,718143,18.67058823529412,19.05882352941176
5,,recent_era,718143,7.97588907985193,7.856129032258064
6,,recent_homeRuns,718143,1.275,1.4749999999999999
7,,recent_whip,718143,1.5160155561431343,1.7351612903225804
8,,recent_battersFaced,718143,21.349999999999998,21.225
