,f1,index,game_id,Away_Starter,Home Starter
0,,player_id,717857,605182,676760
1,,career_era,717857,7.27256794725615,0.0
2,,career_homeRuns,717857,0.96,0.0
3,,career_whip,717857,1.570765923143671,0.0
4,,career_battersFaced,717857,19.84,0.0
5,,recent_era,717857,3.1275,0.0
6,,recent_homeRuns,717857,0.6499999999999999,0.0
7,,recent_whip,717857,1.2066666666666666,0.0
8,,recent_battersFaced,717857,23.349999999999998,0.0
