,f1,index,game_id,Away_Starter,Home Starter
0,,player_id,718142,448179,593958
1,,career_era,718142,5.667317852867377,11.108748377255415
2,,career_homeRuns,718142,0.5836466165413534,0.6285714285714286
3,,career_whip,718142,1.4862231201048193,2.7978800228473144
4,,career_battersFaced,718142,19.102443609022558,20.695238095238096
5,,recent_era,718142,3.524224324975892,0.30288461538461536
6,,recent_homeRuns,718142,0.4,0.175
7,,recent_whip,718142,1.703454275152684,0.6099587912087912
8,,recent_battersFaced,718142,22.675,24.85
