,f1,index,game_id,Away_Starter,Home Starter
0,,player_id,718155,682847,547179
1,,career_era,718155,1.3142857142857143,7.179813617096895
2,,career_homeRuns,718155,0.0,1.0119047619047619
3,,career_whip,718155,0.8278388278388279,1.6272823855303624
4,,career_battersFaced,718155,20.333333333333332,17.595238095238095
5,,recent_era,718155,50.775,4.242857142857143
6,,recent_homeRuns,718155,0.4,0.475
7,,recent_whip,718155,6.891666666666667,1.2228571428571429
8,,recent_battersFaced,718155,13.6,22.974999999999998
