,f1,index,game_id,Away_Starter,Home Starter
0,,player_id,717996,656427,676440
1,,career_era,717996,7.2046875,0.0
2,,career_homeRuns,717996,0.5,0.0
3,,career_whip,717996,2.1770833333333335,0.0
4,,career_battersFaced,717996,17.875,0.0
5,,recent_era,717996,11.337857142857143,3.908512443438914
6,,recent_homeRuns,717996,0.49999999999999994,0.175
7,,recent_whip,717996,2.2295238095238092,1.439672102815485
8,,recent_battersFaced,717996,21.35,22.8
