,f1,index,game_id,Away_Starter,Home Starter
0,,player_id,718004,592826,622491
1,,career_era,718004,10.556693105281814,1.9348633260677932
2,,career_homeRuns,718004,1.125,0.5277777777777778
3,,career_whip,718004,2.2305359515036933,0.824472418336851
4,,career_battersFaced,718004,16.541666666666664,20.12962962962963
5,,recent_era,718004,1.5375,4.635
6,,recent_homeRuns,718004,0.425,1.25
7,,recent_whip,718004,0.9166666666666666,1.3199999999999998
8,,recent_battersFaced,718004,21.025,23.85
