,f1,index,game_id,Away_Starter,Home Starter
0,,player_id,718414,686613,676534
1,,career_era,718414,1.7727272727272727,0.0
2,,career_homeRuns,718414,0.0,0.0
3,,career_whip,718414,1.1022727272727273,0.0
4,,career_battersFaced,718414,16.75,0.0
5,,recent_era,718414,3.9803571428571427,8.795454545454545
6,,recent_homeRuns,718414,0.15,0.0
7,,recent_whip,718414,1.3375,1.9318181818181817
8,,recent_battersFaced,718414,22.375,11.0
