,f1,index,game_id,Away_Starter,Home Starter
0,,player_id,718033,666129,607536
1,,career_era,718033,4.273029286505782,4.072348572872563
2,,career_homeRuns,718033,0.5294117647058824,0.27941176470588236
3,,career_whip,718033,1.4065806114847996,1.3685807880672387
4,,career_battersFaced,718033,21.294117647058822,17.948529411764707
5,,recent_era,718033,5.91090387374462,6.75
6,,recent_homeRuns,718033,0.875,0.32499999999999996
7,,recent_whip,718033,1.2894038463046156,1.8383333333333334
8,,recent_battersFaced,718033,20.599999999999998,20.575
