,f1,index,game_id,Away_Starter,Home Starter
0,,player_id,717970,647336,621112
1,,career_era,717970,0.0,6.594112511903795
2,,career_homeRuns,717970,0.0,0.6694444444444444
3,,career_whip,717970,0.0,1.6961431734381174
4,,career_battersFaced,717970,0.0,20.361111111111107
5,,recent_era,717970,5.902597402597403,19.504295830055078
6,,recent_homeRuns,717970,0.25,1.25
7,,recent_whip,717970,2.0876623376623376,2.931605035405193
8,,recent_battersFaced,717970,20.75,17.025000000000002
