,f1,index,game_id,Away_Starter,Home Starter
0,,player_id,718135,592094,673540
1,,career_era,718135,0.0,2.0352941176470587
2,,career_homeRuns,718135,0.0,0.26666666666666666
3,,career_whip,718135,0.0,0.7901960784313725
4,,career_battersFaced,718135,0.0,10.799999999999999
5,,recent_era,718135,0.0,5.425714285714285
6,,recent_homeRuns,718135,0.0,0.8999999999999999
7,,recent_whip,718135,0.0,1.7228571428571429
8,,recent_battersFaced,718135,0.0,23.475
