,f1,index,game_id,Away_Starter,Home Starter
0,,player_id,718068,664299,669203
1,,career_era,718068,3.259879785247432,2.333768046638803
2,,career_homeRuns,718068,0.6851851851851851,0.5138888888888888
3,,career_whip,718068,1.0788465029886598,0.6986772319963392
4,,career_battersFaced,718068,20.925925925925927,17.069444444444443
5,,recent_era,718068,2.933653846153846,2.4524999999999997
6,,recent_homeRuns,718068,0.825,0.425
7,,recent_whip,718068,0.8525641025641024,1.2441666666666666
8,,recent_battersFaced,718068,22.7,23.974999999999998
