,f1,index,game_id,Away_Starter,Home Starter
0,,player_id,718109,592789,571945
1,,career_era,718109,5.854531468616393,10.444697153035088
2,,career_homeRuns,718109,0.44252873563218387,0.8783783783783784
3,,career_whip,718109,1.7414057493889588,2.0912564201278596
4,,career_battersFaced,718109,20.140804597701152,18.381756756756758
5,,recent_era,718109,5.257720588235294,2.6265519810175477
6,,recent_homeRuns,718109,0.575,0.475
7,,recent_whip,718109,1.5932598039215686,1.3240735380056123
8,,recent_battersFaced,718109,15.975,22.775
