,f1,index,game_id,Away_Starter,Home Starter
0,,player_id,718394,608331,656849
1,,career_era,718394,3.1703890630242624,16.49893663425431
2,,career_homeRuns,718394,0.21212121212121213,0.375
3,,career_whip,718394,0.9876831409682454,2.8595959152501402
4,,career_battersFaced,718394,22.55681818181818,18.475
5,,recent_era,718394,0.5080645161290323,8.24451923076923
6,,recent_homeRuns,718394,0.175,1.575
7,,recent_whip,718394,0.8581790939538163,1.668397435897436
8,,recent_battersFaced,718394,18.175,23.25
