,f1,index,game_id,Away_Starter,Home Starter
0,,player_id,717941,605397,666200
1,,career_era,717941,2.0063340465730013,4.542704710769837
2,,career_homeRuns,717941,0.4722222222222222,0.5342712842712842
3,,career_whip,717941,0.7916866298414211,1.3447938604398915
4,,career_battersFaced,717941,22.625,19.675036075036072
5,,recent_era,717941,6.428778017329048,4.453846153846154
6,,recent_homeRuns,717941,0.875,0.825
7,,recent_whip,717941,1.513457470609771,1.4759615384615383
8,,recent_battersFaced,717941,23.125,23.4
