,f1,index,game_id,Away_Starter,Home Starter
0,,player_id,717884,676664,670912
1,,career_era,717884,5.912867647058824,5.915625
2,,career_homeRuns,717884,0.5833333333333334,0.625
3,,career_whip,717884,1.6457610608345903,2.3267857142857142
4,,career_battersFaced,717884,19.583333333333336,20.3125
5,,recent_era,717884,3.291176470588235,4.044357410881801
6,,recent_homeRuns,717884,1.125,0.425
7,,recent_whip,717884,0.915686274509804,1.7232535959974986
8,,recent_battersFaced,717884,21.025,24.025
