,f1,index,game_id,Away_Starter,Home Starter
0,,player_id,718408,665622,663776
1,,career_era,718408,0.0,3.6916852128397553
2,,career_homeRuns,718408,0.0,0.49059561128526646
3,,career_whip,718408,0.0,1.3465366523441165
4,,career_battersFaced,718408,0.0,23.08307210031348
5,,recent_era,718408,0.0,3.84
6,,recent_homeRuns,718408,0.0,0.175
7,,recent_whip,718408,0.0,1.5379166666666666
8,,recent_battersFaced,718408,0.0,19.424999999999997
