,f1,index,game_id,Away_Starter,Home Starter
0,,player_id,718207,641585,656629
1,,career_era,718207,0.0,3.0585268583239746
2,,career_homeRuns,718207,0.0,0.5357142857142857
3,,career_whip,718207,0.0,0.996035490809227
4,,career_battersFaced,718207,0.0,16.464285714285715
5,,recent_era,718207,0.0,5.52
6,,recent_homeRuns,718207,0.0,1.475
7,,recent_whip,718207,0.8,1.555
8,,recent_battersFaced,718207,19.0,23.75
