,f1,index,game_id,Away_Starter,Home Starter
0,,player_id,718129,685410,605182
1,,career_era,718129,1.4285714285714284,7.27256794725615
2,,career_homeRuns,718129,0.0,0.96
3,,career_whip,718129,0.6349206349206349,1.570765923143671
4,,career_battersFaced,718129,12.0,19.84
5,,recent_era,718129,4.130357142857143,6.494999999999999
6,,recent_homeRuns,718129,0.75,1.325
7,,recent_whip,718129,1.1047619047619046,1.48
8,,recent_battersFaced,718129,23.325,22.8
