,f1,index,game_id,Away_Starter,Home Starter
0,,player_id,717955,607536,668678
1,,career_era,717955,4.072348572872563,2.439483270213781
2,,career_homeRuns,717955,0.27941176470588236,0.3522727272727273
3,,career_whip,717955,1.3685807880672387,1.1779925567030776
4,,career_battersFaced,717955,17.948529411764707,18.064393939393938
5,,recent_era,717955,6.9750000000000005,5.853509615384615
6,,recent_homeRuns,717955,0.175,0.0
7,,recent_whip,717955,2.0608333333333335,1.8041773504273502
8,,recent_battersFaced,717955,21.075,24.525
