,f1,index,game_id,Away_Starter,Home Starter
0,,player_id,718059,425794,668933
1,,career_era,718059,2.741724453064002,6.697148906017364
2,,career_homeRuns,718059,0.2714285714285714,0.55
3,,career_whip,718059,0.8385861729377247,1.6547123313095704
4,,career_battersFaced,718059,16.495238095238093,23.2
5,,recent_era,718059,6.175384615384615,15.660576923076924
6,,recent_homeRuns,718059,0.675,0.675
7,,recent_whip,718059,1.7062820512820511,2.4804487179487182
8,,recent_battersFaced,718059,20.224999999999998,23.0
