,f1,index,game_id,Away_Starter,Home Starter
0,,player_id,718478,656849,657277
1,,career_era,718478,27.439650949471122,3.23199567782605
2,,career_homeRuns,718478,0.55,0.3257168458781362
3,,career_whip,718478,4.216706489251332,1.1860978084510747
4,,career_battersFaced,718478,19.175000000000004,22.30689964157706
5,,recent_era,718478,5.399134615384615,4.406612903225806
6,,recent_homeRuns,718478,1.1,1.1
7,,recent_whip,718478,1.6162820512820513,1.3925806451612903
8,,recent_battersFaced,718478,22.075,24.3
