,f1,index,game_id,Away_Starter,Home Starter
0,,player_id,718487,579328,593334
1,,career_era,718487,8.591348258393197,4.304038627763257
2,,career_homeRuns,718487,0.9375,0.7792207792207793
3,,career_whip,718487,2.212179519583885,1.2178121605896255
4,,career_battersFaced,718487,19.20991847826087,18.935064935064936
5,,recent_era,718487,4.853650668764752,8.915930381094315
6,,recent_homeRuns,718487,1.175,1.0499999999999998
7,,recent_whip,718487,1.2916378179910832,1.8031456248669364
8,,recent_battersFaced,718487,19.5,16.975
