,f1,index,game_id,Away_Starter,Home Starter
0,,player_id,718076,657756,571760
1,,career_era,718076,10.647727272727273,5.772085467647728
2,,career_homeRuns,718076,1.1666666666666665,1.0266666666666668
3,,career_whip,718076,2.3968253968253967,1.3901939800110714
4,,career_battersFaced,718076,16.166666666666668,19.793333333333337
5,,recent_era,718076,7.820121951219513,4.951209677419354
6,,recent_homeRuns,718076,0.7,1.125
7,,recent_whip,718076,2.038231707317073,1.1461021505376343
8,,recent_battersFaced,718076,19.425,23.5
