,f1,index,game_id,Away_Starter,Home Starter
0,,player_id,718342,668678,592351
1,,career_era,718342,2.439483270213781,5.571410466309125
2,,career_homeRuns,718342,0.3522727272727273,0.3148148148148148
3,,career_whip,718342,1.1779925567030776,1.7260441748562676
4,,career_battersFaced,718342,18.064393939393938,18.50925925925926
5,,recent_era,718342,0.8999999999999999,4.284421593353609
6,,recent_homeRuns,718342,0.3,0.725
7,,recent_whip,718342,0.5918146105613054,1.4146412852656827
8,,recent_battersFaced,718342,23.275,20.45
