,f1,index,game_id,Away_Starter,Home Starter
0,,player_id,718051,691587,596295
1,,career_era,718051,0.0,6.410366759205265
2,,career_homeRuns,718051,0.0,0.6547619047619048
3,,career_whip,718051,0.0,1.6497176439584322
4,,career_battersFaced,718051,0.0,17.511904761904763
5,,recent_era,718051,6.0285714285714285,4.620112116443745
6,,recent_homeRuns,718051,1.0,0.925
7,,recent_whip,718051,1.2984126984126982,1.3413690007867822
8,,recent_battersFaced,718051,17.999999999999996,22.125
