,f1,index,game_id,Away_Starter,Home Starter
0,,player_id,718150,656222,434378
1,,career_era,718150,8.65625,2.6764491888975366
2,,career_homeRuns,718150,0.8333333333333334,0.7315891472868218
3,,career_whip,718150,1.9392361111111112,0.986518264958707
4,,career_battersFaced,718150,13.083333333333334,22.72512919896641
5,,recent_era,718150,2.0999999999999996,2.9164285714285714
6,,recent_homeRuns,718150,0.25,0.5
7,,recent_whip,718150,1.1749999999999998,1.226190476190476
8,,recent_battersFaced,718150,8.275,21.1
