,f1,index,game_id,Away_Starter,Home Starter
0,,player_id,717975,622251,425794
1,,career_era,717975,0.0,2.741724453064002
2,,career_homeRuns,717975,0.0,0.2714285714285714
3,,career_whip,717975,0.0,0.8385861729377247
4,,career_battersFaced,717975,0.0,16.495238095238093
5,,recent_era,717975,0.0,6.898846153846153
6,,recent_homeRuns,717975,0.0,0.75
7,,recent_whip,717975,0.0,1.6623076923076923
8,,recent_battersFaced,717975,0.0,23.200000000000003
