,f1,index,game_id,Away_Starter,Home Starter
0,,player_id,718029,502043,657376
1,,career_era,718029,15.522207789748238,3.834146341463415
2,,career_homeRuns,718029,0.5619047619047619,0.0
3,,career_whip,718029,3.100878900409291,1.167479674796748
4,,career_battersFaced,718029,22.185714285714283,13.2
5,,recent_era,718029,5.158426997864448,6.525
6,,recent_homeRuns,718029,0.35,0.32499999999999996
7,,recent_whip,718029,1.6314450563860476,1.761344367015099
8,,recent_battersFaced,718029,25.224999999999998,22.025
