,f1,index,game_id,Away_Starter,Home Starter
0,,player_id,718195,669713,657746
1,,career_era,718195,2.1073067915690866,5.09492011627903
2,,career_homeRuns,718195,0.4,0.8548387096774194
3,,career_whip,718195,1.0018891491022637,1.0653249497605113
4,,career_battersFaced,718195,21.2,17.801075268817204
5,,recent_era,718195,2.4102961672473864,1.9553571428571428
6,,recent_homeRuns,718195,0.6,0.32499999999999996
7,,recent_whip,718195,0.9549070847851336,0.9017857142857142
8,,recent_battersFaced,718195,21.55,24.2
