,f1,index,game_id,Away_Starter,Home Starter
0,,player_id,718087,665152,592332
1,,career_era,718087,21.04402676261187,3.360476659970198
2,,career_homeRuns,718087,0.8876811594202899,0.3424242424242424
3,,career_whip,718087,3.5348444136063932,1.2895985682254618
4,,career_battersFaced,718087,19.70169082125604,20.14545454545454
5,,recent_era,718087,4.174038461538462,4.707373271889401
6,,recent_homeRuns,718087,0.55,0.425
7,,recent_whip,718087,1.4575641025641022,1.235253456221198
8,,recent_battersFaced,718087,23.7,23.75
