,f1,index,game_id,Away_Starter,Home Starter
0,,player_id,717865,663687,672710
1,,career_era,717865,0.0,5.955642873323913
2,,career_homeRuns,717865,0.0,0.6842105263157895
3,,career_whip,717865,0.0,1.5187574249607023
4,,career_battersFaced,717865,0.0,20.842105263157894
5,,recent_era,717865,0.0,7.2463235294117645
6,,recent_homeRuns,717865,0.0,1.4249999999999998
7,,recent_whip,717865,0.0,1.6016176470588235
8,,recent_battersFaced,717865,0.0,22.125
