,f1,index,game_id,Away_Starter,Home Starter
0,,player_id,717803,471911,656605
1,,career_era,717803,5.327677318204934,5.598097855346547
2,,career_homeRuns,717803,0.59375,0.6142968142968143
3,,career_whip,717803,1.5792618444721003,1.4809665641036838
4,,career_battersFaced,717803,21.625,19.035586635586633
5,,recent_era,717803,4.544032258064516,5.805882352941176
6,,recent_homeRuns,717803,0.85,0.7749999999999999
7,,recent_whip,717803,1.284247311827957,1.4822829131652662
8,,recent_battersFaced,717803,22.650000000000002,25.150000000000002
