,f1,index,game_id,Away_Starter,Home Starter
0,,player_id,718578,673540,621076
1,,career_era,718578,0.0,4.95115434208491
2,,career_homeRuns,718578,0.0,0.6940559440559441
3,,career_whip,718578,0.0,1.4516301787643249
4,,career_battersFaced,718578,0.0,21.4527972027972
5,,recent_era,718578,2.8036764705882353,7.585147058823529
6,,recent_homeRuns,718578,0.4,1.175
7,,recent_whip,718578,1.1628676470588235,1.752934173669468
8,,recent_battersFaced,718578,17.325,22.1
