,f1,index,game_id,Away_Starter,Home Starter
0,,recent_battersFaced,717822,22.025,6.7
1,,player_id,717822,657746,670950
2,,career_era,717822,3.8335880907077287,2.4150279156327543
3,,career_homeRuns,717822,0.5627240143369175,0.4375
4,,career_whip,717822,1.0434556920309868,0.7001085607940447
5,,career_battersFaced,717822,18.933691756272403,8.4375
6,,recent_era,717822,4.378306451612903,17.067073170731707
7,,recent_homeRuns,717822,0.5,0.3
8,,recent_whip,717822,1.196801075268817,7.59359756097561
