,f1,index,game_id,Away_Starter,Home Starter
0,,player_id,718411,645261,693821
1,,career_era,718411,2.6844698755921033,2.7881922955093685
2,,career_homeRuns,718411,0.6071428571428572,0.36363636363636365
3,,career_whip,718411,1.2468650389653209,1.212225714664739
4,,career_battersFaced,718411,21.974789915966387,21.454545454545453
5,,recent_era,718411,7.096153846153846,1.9985294117647059
6,,recent_homeRuns,718411,0.5,0.15
7,,recent_whip,718411,1.2508547008547009,1.3493490838958535
8,,recent_battersFaced,718411,22.025,22.825
