,f1,index,game_id,Away_Starter,Home Starter
0,,player_id,718184,543101,668678
1,,career_era,718184,3.4720982142857144,2.439483270213781
2,,career_homeRuns,718184,0.25,0.3522727272727273
3,,career_whip,718184,1.3939901244588744,1.1779925567030776
4,,career_battersFaced,718184,16.458333333333336,18.064393939393938
5,,recent_era,718184,3.8276267281105993,1.6714285714285715
6,,recent_homeRuns,718184,0.6749999999999999,0.0
7,,recent_whip,718184,1.15093509984639,0.7774269094205636
8,,recent_battersFaced,718184,26.624999999999996,23.349999999999998
