,f1,index,game_id,Away_Starter,Home Starter
0,,player_id,718166,642547,656427
1,,career_era,718166,2.122406104910039,7.2046875
2,,career_homeRuns,718166,0.16666666666666666,0.5
3,,career_whip,718166,0.7562233576184908,2.1770833333333335
4,,career_battersFaced,718166,18.11904761904762,17.875
5,,recent_era,718166,4.211538461538462,15.251785714285713
6,,recent_homeRuns,718166,0.825,1.0
7,,recent_whip,718166,1.3064102564102564,2.544642857142857
8,,recent_battersFaced,718166,24.049999999999997,21.025
