,f1,index,game_id,Away_Starter,Home Starter
0,,player_id,718348,664192,666214
1,,career_era,718348,2.25,4.920779220779221
2,,career_homeRuns,718348,0.0,0.2857142857142857
3,,career_whip,718348,0.6875,1.410368893779032
4,,career_battersFaced,718348,6.25,18.714285714285715
5,,recent_era,718348,2.5944022770398485,11.337386877828054
6,,recent_homeRuns,718348,0.725,0.575
7,,recent_whip,718348,0.9767461823439052,1.852187028657617
8,,recent_battersFaced,718348,20.95,19.424999999999997
