,f1,index,game_id,Away_Starter,Home Starter
0,,player_id,718116,573186,624133
1,,career_era,718116,4.354806468084941,6.501463586932201
2,,career_homeRuns,718116,0.7025862068965517,0.7166666666666667
3,,career_whip,718116,1.1833958059606817,1.4616538241564931
4,,career_battersFaced,718116,19.092672413793107,15.466666666666667
5,,recent_era,718116,9.015257078986586,5.210564516129033
6,,recent_homeRuns,718116,0.7,0.625
7,,recent_whip,718116,1.9039021361152508,1.6716129032258062
8,,recent_battersFaced,718116,21.7,18.5
