,f1,index,game_id,Away_Starter,Home Starter
0,,player_id,718391,573186,666200
1,,career_era,718391,4.354806468084941,4.47809324338055
2,,career_homeRuns,718391,0.7025862068965517,0.5119047619047619
3,,career_whip,718391,1.1833958059606817,1.275644622012035
4,,career_battersFaced,718391,19.092672413793107,19.752380952380953
5,,recent_era,718391,2.775,4.853963414634147
6,,recent_homeRuns,718391,0.75,0.675
7,,recent_whip,718391,1.0166666666666666,1.6221622889305816
8,,recent_battersFaced,718391,22.674999999999997,22.999999999999996
