,f1,index,game_id,Away_Starter,Home Starter
0,,player_id,717979,543135,571510
1,,career_era,717979,5.596216225432094,4.8398436480932805
2,,career_homeRuns,717979,0.7131410256410257,0.75
3,,career_whip,717979,1.4195019668573319,1.499817577667728
4,,career_battersFaced,717979,22.108974358974358,20.705882352941174
5,,recent_era,717979,1.2142857142857144,11.338074425574426
6,,recent_homeRuns,717979,0.5,0.575
7,,recent_whip,717979,0.732935298102981,2.3752705627705626
8,,recent_battersFaced,717979,29.025,19.950000000000003
