,f1,index,game_id,Away_Starter,Home Starter
0,,player_id,718214,656731,669022
1,,career_era,718214,9.707124374676557,4.886306613216005
2,,career_homeRuns,718214,0.6,0.1875
3,,career_whip,718214,1.8725153096429186,1.7460425485330608
4,,career_battersFaced,718214,18.7,14.5
5,,recent_era,718214,5.96521978021978,4.89375
6,,recent_homeRuns,718214,0.675,0.675
7,,recent_whip,718214,1.7435027472527471,1.6916666666666667
8,,recent_battersFaced,718214,21.45,22.599999999999998
