,f1,index,game_id,Away_Starter,Home Starter
0,,player_id,718183,425844,605288
1,,career_era,718183,4.775719271905707,5.0173389110889115
2,,career_homeRuns,718183,0.6468298109010011,0.3295454545454546
3,,career_whip,718183,1.4226164675458801,1.563843448218448
4,,career_battersFaced,718183,21.614571746384872,17.920454545454547
5,,recent_era,718183,6.9033894230769235,6.345622119815667
6,,recent_homeRuns,718183,1.1,0.0
7,,recent_whip,718183,1.4034134615384615,1.7220430107526883
8,,recent_battersFaced,718183,20.65,12.95
