,f1,index,game_id,Away_Starter,Home Starter
0,,player_id,718255,676664,641482
1,,career_era,718255,5.912867647058824,3.163341124928333
2,,career_homeRuns,718255,0.5833333333333334,0.7436974789915967
3,,career_whip,718255,1.6457610608345903,1.1044010385327199
4,,career_battersFaced,718255,19.583333333333336,21.260504201680675
5,,recent_era,718255,5.677682926829268,6.866911764705883
6,,recent_homeRuns,718255,1.075,1.35
7,,recent_whip,718255,1.1786382113821139,1.3121848739495798
8,,recent_battersFaced,718255,21.474999999999998,22.624999999999996
