,f1,index,game_id,Away_Starter,Home Starter
0,,player_id,717824,622491,660271
1,,career_era,717824,3.0012992773603524,7.232142857142857
2,,career_homeRuns,717824,0.34259259259259256,0.25
3,,career_whip,717824,1.0830467164722852,1.875
4,,career_battersFaced,717824,19.76543209876543,6.0
5,,recent_era,717824,2.7064285714285714,1.8589285714285713
6,,recent_homeRuns,717824,0.6749999999999999,0.0
7,,recent_whip,717824,1.0342857142857143,1.306904761904762
8,,recent_battersFaced,717824,23.349999999999998,14.899999999999999
