,f1,index,game_id,Away_Starter,Home Starter
0,,player_id,717864,669302,605397
1,,career_era,717864,5.001246410701212,2.0063340465730013
2,,career_homeRuns,717864,0.5136784511784511,0.4722222222222222
3,,career_whip,717864,1.2644999014591343,0.7916866298414211
4,,career_battersFaced,717864,19.07912457912458,22.625
5,,recent_era,717864,5.244137717121588,2.8403909205548548
6,,recent_homeRuns,717864,0.925,0.35
7,,recent_whip,717864,1.0719344499586434,1.294747793190416
8,,recent_battersFaced,717864,23.424999999999997,23.825
