,f1,index,game_id,Away_Starter,Home Starter
0,,player_id,718380,570666,607968
1,,career_era,718380,3.727554945054945,0.0
2,,career_homeRuns,718380,0.4,0.0
3,,career_whip,718380,1.19998778998779,0.0
4,,career_battersFaced,718380,15.616666666666667,0.0
5,,recent_era,718380,13.3000131302521,8.676470588235293
6,,recent_homeRuns,718380,0.6,1.0
7,,recent_whip,718380,2.656193102240896,2.003267973856209
8,,recent_battersFaced,718380,19.75,15.333333333333332
