,f1,index,game_id,Away_Starter,Home Starter
0,,player_id,718133,594835,678394
1,,career_era,718133,5.703405540676078,5.404010695187166
2,,career_homeRuns,718133,0.9629629629629629,0.09090909090909091
3,,career_whip,718133,1.6224340980275431,1.8793226381461674
4,,career_battersFaced,718133,22.787037037037038,22.090909090909093
5,,recent_era,718133,5.265,6.158181818181818
6,,recent_homeRuns,718133,0.6,1.0
7,,recent_whip,718133,1.45,1.7919696969696968
8,,recent_battersFaced,718133,21.95,20.475
