,f1,index,game_id,Away_Starter,Home Starter
0,,player_id,718186,453286,663623
1,,career_era,718186,3.948632562936046,0.0
2,,career_homeRuns,718186,0.6148148148148148,0.0
3,,career_whip,718186,1.0245567696471782,0.0
4,,career_battersFaced,718186,19.714814814814815,0.0
5,,recent_era,718186,6.573956356736243,1.0975609756097562
6,,recent_homeRuns,718186,1.1749999999999998,0.0
7,,recent_whip,718186,1.608943706514864,1.3054778088764496
8,,recent_battersFaced,718186,18.325,20.5
