,f1,index,game_id,Away_Starter,Home Starter
0,,player_id,717902,624133,592866
1,,career_era,717902,6.663500621551268,3.9034296218487397
2,,career_homeRuns,717902,0.7575757575757576,0.5555555555555556
3,,career_whip,717902,1.4875738577375743,1.4164853719265484
4,,career_battersFaced,717902,15.287878787878787,17.349999999999998
5,,recent_era,717902,7.307056451612903,3.7319183864915573
6,,recent_homeRuns,717902,0.5,1.225
7,,recent_whip,717902,1.752258064516129,1.409396497811132
8,,recent_battersFaced,717902,20.125,20.425
