,f1,index,game_id,Away_Starter,Home Starter
0,,player_id,718533,608331,677960
1,,career_era,718533,3.512650967786167,3.352111753792426
2,,career_homeRuns,718533,0.476010101010101,0.42857142857142855
3,,career_whip,718533,1.1743123296807676,0.8096544503582318
4,,career_battersFaced,718533,22.94570707070707,7.928571428571429
5,,recent_era,718533,0.7258064516129032,4.44375
6,,recent_homeRuns,718533,0.25,0.35
7,,recent_whip,718533,0.8128128855984487,1.4552083333333334
8,,recent_battersFaced,718533,14.175,18.075
