,f1,index,game_id,Away_Starter,Home Starter
0,,player_id,718203,664192,592866
1,,career_era,718203,2.110531309297913,4.400625
2,,career_homeRuns,718203,0.375,0.5
3,,career_whip,718203,0.5714539848197343,1.4817857142857143
4,,career_battersFaced,718203,8.875,15.05
5,,recent_era,718203,4.863970588235294,4.79890243902439
6,,recent_homeRuns,718203,0.925,0.85
7,,recent_whip,718203,1.2401960784313726,1.5047118603538978
8,,recent_battersFaced,718203,18.725,21.549999999999997
