,f1,index,game_id,Away_Starter,Home Starter
0,,player_id,718327,605400,694813
1,,career_era,718327,4.473339619697098,0.0
2,,career_homeRuns,718327,0.7703252032520325,0.0
3,,career_whip,718327,1.175475495490247,0.0
4,,career_battersFaced,718327,20.790650406504067,0.0
5,,recent_era,718327,3.657074175824176,0.0
6,,recent_homeRuns,718327,0.675,0.0
7,,recent_whip,718327,1.0799679487179485,0.0
8,,recent_battersFaced,718327,25.35,0.0
