,f1,index,game_id,Away_Starter,Home Starter
0,,player_id,717980,664299,686610
1,,career_era,717980,3.259879785247432,6.486440030557677
2,,career_homeRuns,717980,0.6851851851851851,0.625
3,,career_whip,717980,1.0788465029886598,1.4522090654443596
4,,career_battersFaced,717980,20.925925925925927,19.125
5,,recent_era,717980,2.7288461538461535,6.192183257918552
6,,recent_homeRuns,717980,0.825,1.075
7,,recent_whip,717980,0.8474358974358974,1.9614592760180996
8,,recent_battersFaced,717980,22.825,24.075
