,f1,index,game_id,Away_Starter,Home Starter
0,,player_id,717944,605400,471911
1,,career_era,717944,6.689914405366898,5.327677318204934
2,,career_homeRuns,717944,0.620411431387041,0.59375
3,,career_whip,717944,1.4765182498565004,1.5792618444721003
4,,career_battersFaced,717944,19.112034983986202,21.625
5,,recent_era,717944,4.828103044496487,7.180403225806452
6,,recent_homeRuns,717944,1.5,1.0
7,,recent_whip,717944,1.1465359094457457,1.4822580645161287
8,,recent_battersFaced,717944,25.824999999999996,22.349999999999998
