,f1,index,game_id,Away_Starter,Home Starter
0,,player_id,717969,593334,682243
1,,career_era,717969,4.048040189292282,5.5
2,,career_homeRuns,717969,0.8402255639097744,0.3333333333333333
3,,career_whip,717969,1.1948390035145828,1.5
4,,career_battersFaced,717969,19.671052631578945,12.333333333333332
5,,recent_era,717969,2.6071367521367517,1.3315573770491804
6,,recent_homeRuns,717969,0.44999999999999996,0.0
7,,recent_whip,717969,0.7382763532763532,0.5424180327868853
8,,recent_battersFaced,717969,19.999999999999996,21.95
