,f1,index,game_id,Away_Starter,Home Starter
0,,player_id,717887,672578,666129
1,,career_era,717887,8.54169046961529,4.273029286505782
2,,career_homeRuns,717887,0.6647727272727273,0.5294117647058824
3,,career_whip,717887,1.8758307041581057,1.4065806114847996
4,,career_battersFaced,717887,18.84659090909091,21.294117647058822
5,,recent_era,717887,7.047321428571428,2.7150000000000003
6,,recent_homeRuns,717887,0.35,0.65
7,,recent_whip,717887,1.6360119047619048,1.0297299903567985
8,,recent_battersFaced,717887,13.974999999999998,20.85
