,f1,index,game_id,Away_Starter,Home Starter
0,,player_id,718048,656629,615698
1,,career_era,718048,3.0585268583239746,4.576125857026291
2,,career_homeRuns,718048,0.5357142857142857,0.8205128205128205
3,,career_whip,718048,0.996035490809227,1.4383705079341533
4,,career_battersFaced,718048,16.464285714285715,19.807692307692307
5,,recent_era,718048,3.4639285714285712,5.044158249746618
6,,recent_homeRuns,718048,0.7,1.075
7,,recent_whip,718048,1.1254166666666667,1.4198677174710794
8,,recent_battersFaced,718048,22.725,24.349999999999998
