,f1,index,game_id,Away_Starter,Home Starter
0,,player_id,718128,542881,669330
1,,career_era,718128,5.085841010033412,4.941560878146244
2,,career_homeRuns,718128,0.7030651340996168,0.6071428571428571
3,,career_whip,718128,1.4112392436552395,1.3165036944762554
4,,career_battersFaced,718128,21.20689655172414,17.392857142857142
5,,recent_era,718128,5.84814990512334,2.105769230769231
6,,recent_homeRuns,718128,0.475,0.95
7,,recent_whip,718128,1.7910025300442758,0.7361263736263736
8,,recent_battersFaced,718128,24.575,22.325000000000003
