,f1,index,game_id,Away_Starter,Home Starter
0,,player_id,717807,592866,693821
1,,career_era,717807,4.278854125608968,2.7881922955093685
2,,career_homeRuns,717807,0.6282051282051282,0.36363636363636365
3,,career_whip,717807,1.4580898206687303,1.212225714664739
4,,career_battersFaced,717807,17.478205128205126,21.454545454545453
5,,recent_era,717807,3.4269230769230767,3.144401408450704
6,,recent_homeRuns,717807,1.275,0.675
7,,recent_whip,717807,1.4505494505494503,1.178356807511737
8,,recent_battersFaced,717807,22.075,24.299999999999997
