,f1,index,game_id,Away_Starter,Home Starter
0,,player_id,718385,668676,678394
1,,career_era,718385,4.726093631099712,5.893014705882353
2,,career_homeRuns,718385,0.7777777777777778,0.0
3,,career_whip,718385,1.491384462132956,1.7924019607843138
4,,career_battersFaced,718385,22.074074074074073,21.125
5,,recent_era,718385,12.959999999999999,8.828279220779221
6,,recent_homeRuns,718385,0.35,0.65
7,,recent_whip,718385,2.71,2.4977272727272726
8,,recent_battersFaced,718385,21.65,21.1
