,f1,index,game_id,Away_Starter,Home Starter
0,,player_id,717923,502624,543475
1,,career_era,717923,38.40596590909091,5.720398355768296
2,,career_homeRuns,717923,0.525,1.0156739811912225
3,,career_whip,717923,5.0628787878787875,1.5143801875347869
4,,career_battersFaced,717923,12.75,20.88975966562173
5,,recent_era,717923,2.8903846153846153,11.620000000000001
6,,recent_homeRuns,717923,0.25,1.325
7,,recent_whip,717923,1.3757692307692306,1.74
8,,recent_battersFaced,717923,17.175,22.825
