,f1,index,game_id,Away_Starter,Home Starter
0,,player_id,718040,669330,641482
1,,career_era,718040,4.941560878146244,3.163341124928333
2,,career_homeRuns,718040,0.6071428571428571,0.7436974789915967
3,,career_whip,718040,1.3165036944762554,1.1044010385327199
4,,career_battersFaced,718040,17.392857142857142,21.260504201680675
5,,recent_era,718040,3.234230769230769,8.10768292682927
6,,recent_homeRuns,718040,1.3499999999999999,1.1749999999999998
7,,recent_whip,718040,0.9163736263736263,1.633780487804878
8,,recent_battersFaced,718040,22.35,22.099999999999998
