,f1,index,game_id,Away_Starter,Home Starter
0,,player_id,717810,678394,657376
1,,career_era,717810,5.404010695187166,4.185194879864431
2,,career_homeRuns,717810,0.09090909090909091,0.4615384615384615
3,,career_whip,717810,1.8793226381461674,1.1708460519420998
4,,career_battersFaced,717810,22.090909090909093,13.84102564102564
5,,recent_era,717810,2.9025,4.32
6,,recent_homeRuns,717810,0.5,0.5
7,,recent_whip,717810,1.3341666666666667,1.2537362637362637
8,,recent_battersFaced,717810,23.875,21.0
