,f1,index,game_id,Away_Starter,Home Starter
0,,player_id,718013,592332,686973
1,,career_era,718013,3.360476659970198,3.9043438914027155
2,,career_homeRuns,718013,0.3424242424242424,0.8
3,,career_whip,718013,1.2895985682254618,1.2645550527903469
4,,career_battersFaced,718013,20.14545454545454,21.0
5,,recent_era,718013,5.269873271889401,4.44405737704918
6,,recent_homeRuns,718013,0.425,1.375
7,,recent_whip,718013,1.3584677419354838,1.3090846994535519
8,,recent_battersFaced,718013,25.9,23.3
