,f1,index,game_id,Away_Starter,Home Starter
0,,player_id,717946,669456,608723
1,,career_era,717946,2.2867643164836524,1.3838285340905576
2,,career_homeRuns,717946,0.2899262899262899,0.19230769230769232
3,,career_whip,717946,0.8138598247516444,0.8979705845963577
4,,career_battersFaced,717946,18.164209664209665,13.75
5,,recent_era,717946,3.5008064516129034,5.465454545454545
6,,recent_homeRuns,717946,0.8999999999999999,0.825
7,,recent_whip,717946,1.4899865591397847,1.7443181818181817
8,,recent_battersFaced,717946,27.275,17.900000000000002
