,f1,index,game_id,Away_Starter,Home Starter
0,,career_battersFaced,718071,21.376470588235293,0.0
1,,recent_era,718071,4.802561669829222,13.63098776223776
2,,recent_homeRuns,718071,1.175,0.75
3,,recent_whip,718071,1.4929237824161923,2.5673076923076925
4,,recent_battersFaced,718071,25.099999999999998,15.399999999999999
5,,player_id,718071,656756,682227
6,,career_era,718071,4.623334632580801,0.0
7,,career_homeRuns,718071,0.6235294117647059,0.0
8,,career_whip,718071,1.3721863064336879,0.0
