,f1,index,game_id,Away_Starter,Home Starter
0,,player_id,718295,477132,506433
1,,career_era,718295,2.1253835064452,4.681468792847628
2,,career_homeRuns,718295,0.4037037037037037,0.5439189189189189
3,,career_whip,718295,0.8476931899747937,1.113857855760557
4,,career_battersFaced,718295,19.003703703703703,18.581081081081084
5,,recent_era,718295,1.7999999999999998,3.7186759142496846
6,,recent_homeRuns,718295,0.55,0.75
7,,recent_whip,718295,0.7422619047619047,1.272358133669609
8,,recent_battersFaced,718295,23.974999999999998,23.625
