,f1,index,game_id,Away_Starter,Home Starter
0,,player_id,718499,675627,665871
1,,career_era,718499,3.714285714285715,2.139705882352941
2,,career_homeRuns,718499,1.0,0.5
3,,career_whip,718499,1.4360119047619049,1.427450980392157
4,,career_battersFaced,718499,21.0,22.0
5,,recent_era,718499,10.526535738062096,3.8812499999999996
6,,recent_homeRuns,718499,0.4,0.32499999999999996
7,,recent_whip,718499,1.8634844232282273,1.246348039215686
8,,recent_battersFaced,718499,18.7,15.475
