,f1,index,game_id,Away_Starter,Home Starter
0,,player_id,717933,657756,605200
1,,career_era,717933,10.108636363636364,3.1809503576435953
2,,career_homeRuns,717933,1.0,0.521551724137931
3,,career_whip,717933,2.2614285714285716,1.1631620997943648
4,,career_battersFaced,717933,15.5,16.103448275862068
5,,recent_era,717933,7.784353222996516,11.021452842250197
6,,recent_homeRuns,717933,1.2,0.8999999999999999
7,,recent_whip,717933,1.7935300522648083,2.435796616837136
8,,recent_battersFaced,717933,20.349999999999998,18.099999999999998
