,f1,index,game_id,Away_Starter,Home Starter
0,,player_id,718263,592866,669194
1,,career_era,718263,4.400625,1.886029411764706
2,,career_homeRuns,718263,0.5,0.5
3,,career_whip,718263,1.4817857142857143,0.8401610644257703
4,,career_battersFaced,718263,15.05,20.5
5,,recent_era,718263,3.1694117647058824,7.6875
6,,recent_homeRuns,718263,0.425,0.7749999999999999
7,,recent_whip,718263,1.2979901960784315,1.6808333333333334
8,,recent_battersFaced,718263,21.9,21.95
