,f1,index,game_id,Away_Starter,Home Starter
0,,player_id,718039,571510,425844
1,,career_era,718039,4.8398436480932805,4.775719271905707
2,,career_homeRuns,718039,0.75,0.6468298109010011
3,,career_whip,718039,1.499817577667728,1.4226164675458801
4,,career_battersFaced,718039,20.705882352941174,21.614571746384872
5,,recent_era,718039,14.670157342657342,5.627163461538461
6,,recent_homeRuns,718039,0.8999999999999999,0.725
7,,recent_whip,718039,2.9145571095571094,1.1997115384615384
8,,recent_battersFaced,718039,19.9,19.5
