,f1,index,game_id,Away_Starter,Home Starter
0,,player_id,718389,605400,664285
1,,career_era,718389,4.473339619697098,3.6950083831157046
2,,career_homeRuns,718389,0.7703252032520325,0.5266666666666666
3,,career_whip,718389,1.175475495490247,1.3416881764966897
4,,career_battersFaced,718389,20.790650406504067,24.522222222222222
5,,recent_era,718389,5.822699175824176,2.2392857142857143
6,,recent_homeRuns,718389,0.575,0.675
7,,recent_whip,718389,1.4008012820512818,1.1407142857142856
8,,recent_battersFaced,718389,23.55,26.1
