,f1,index,game_id,Away_Starter,Home Starter
0,,player_id,718546,676130,676664
1,,career_era,718546,0.0,5.912867647058824
2,,career_homeRuns,718546,0.0,0.5833333333333334
3,,career_whip,718546,0.0,1.6457610608345903
4,,career_battersFaced,718546,0.0,19.583333333333336
5,,recent_era,718546,15.25,5.312142857142858
6,,recent_homeRuns,718546,1.3333333333333333,1.1
7,,recent_whip,718546,2.9722222222222223,1.4590476190476191
8,,recent_battersFaced,718546,14.999999999999998,18.599999999999998
