,f1,index,game_id,Away_Starter,Home Starter
0,,player_id,717800,676664,642547
1,,career_era,717800,5.383398528480128,3.0647114588794366
2,,career_homeRuns,717800,0.88510101010101,0.4797979797979798
3,,career_whip,717800,1.2303728524451265,0.9974401979052423
4,,career_battersFaced,717800,15.930555555555555,19.373015873015873
5,,recent_era,717800,2.2801260504201677,7.400735294117647
6,,recent_homeRuns,717800,0.575,1.4249999999999998
7,,recent_whip,717800,1.0814705882352942,1.9401960784313723
8,,recent_battersFaced,717800,21.099999999999998,22.925
