,f1,index,game_id,Away_Starter,Home Starter
0,,player_id,718112,686610,656232
1,,career_era,718112,6.486440030557677,3.825
2,,career_homeRuns,718112,0.625,0.375
3,,career_whip,718112,1.4522090654443596,0.884090909090909
4,,career_battersFaced,718112,19.125,6.75
5,,recent_era,718112,5.6027714932126695,6.5839285714285705
6,,recent_homeRuns,718112,1.025,0.675
7,,recent_whip,718112,1.9157730015082954,1.9580357142857143
8,,recent_battersFaced,718112,24.325,16.95
