,f1,index,game_id,Away_Starter,Home Starter
0,,player_id,718200,527048,686610
1,,career_era,718200,5.253788437055733,6.486440030557677
2,,career_homeRuns,718200,0.537037037037037,0.625
3,,career_whip,718200,1.6127044510563535,1.4522090654443596
4,,career_battersFaced,718200,21.83838383838384,19.125
5,,recent_era,718200,6.745528846153846,5.3061289963652545
6,,recent_homeRuns,718200,0.725,1.1
7,,recent_whip,718200,1.8910921080285834,1.6534558514452438
8,,recent_battersFaced,718200,22.949999999999996,24.2
