,f1,index,game_id,Away_Starter,Home Starter
0,,player_id,718356,641482,527048
1,,career_era,718356,3.163341124928333,5.253788437055733
2,,career_homeRuns,718356,0.7436974789915967,0.537037037037037
3,,career_whip,718356,1.1044010385327199,1.6127044510563535
4,,career_battersFaced,718356,21.260504201680675,21.83838383838384
5,,recent_era,718356,3.8126470588235297,2.8176923076923077
6,,recent_homeRuns,718356,0.6,0.7749999999999999
7,,recent_whip,718356,1.0908823529411764,1.4788083228247162
8,,recent_battersFaced,718356,22.275,23.924999999999997
