,f1,index,game_id,Away_Starter,Home Starter
0,,player_id,718334,642547,663372
1,,career_era,718334,2.122406104910039,7.129506342832204
2,,career_homeRuns,718334,0.16666666666666666,0.8
3,,career_whip,718334,0.7562233576184908,1.632750076621131
4,,career_battersFaced,718334,18.11904761904762,20.599999999999998
5,,recent_era,718334,4.31826923076923,5.013080357142857
6,,recent_homeRuns,718334,0.425,0.32499999999999996
7,,recent_whip,718334,1.2240384615384614,1.5707234432234431
8,,recent_battersFaced,718334,23.549999999999997,21.825
