,f1,index,game_id,Away_Starter,Home Starter
0,,player_id,717809,693433,663776
1,,career_era,717809,0.0,3.6916852128397553
2,,career_homeRuns,717809,0.0,0.49059561128526646
3,,career_whip,717809,0.0,1.3465366523441165
4,,career_battersFaced,717809,0.0,23.08307210031348
5,,recent_era,717809,27.0,7.552584611316763
6,,recent_homeRuns,717809,0.0,0.4
7,,recent_whip,717809,4.0,1.9967279217345322
8,,recent_battersFaced,717809,14.0,24.4
