,f1,index,game_id,Away_Starter,Home Starter
0,,player_id,718034,572020,542881
1,,career_era,718034,3.4735876329274027,5.085841010033412
2,,career_homeRuns,718034,0.39705882352941174,0.7030651340996168
3,,career_whip,718034,1.2279854131529888,1.4112392436552395
4,,career_battersFaced,718034,18.0,21.20689655172414
5,,recent_era,718034,2.7068181818181816,4.682561669829222
6,,recent_homeRuns,718034,0.5,0.425
7,,recent_whip,718034,0.8507575757575758,1.5566888045540797
8,,recent_battersFaced,718034,15.299999999999999,24.474999999999998
