,f1,index,game_id,Away_Starter,Home Starter
0,,player_id,718031,608337,656412
1,,career_era,718031,5.430730643248706,5.785680733362764
2,,career_homeRuns,718031,0.7901069518716577,0.6666666666666666
3,,career_whip,718031,1.4610522702701592,1.705765858563563
4,,career_battersFaced,718031,21.799910873440282,20.75
5,,recent_era,718031,3.060483870967742,9.740625
6,,recent_homeRuns,718031,0.85,1.1
7,,recent_whip,718031,1.1060483870967743,2.125
8,,recent_battersFaced,718031,24.799999999999997,18.55
