,f1,index,game_id,Away_Starter,Home Starter
0,,player_id,717945,605483,666129
1,,career_era,717945,5.1959875892608345,4.273029286505782
2,,career_homeRuns,717945,0.4666666666666667,0.5294117647058824
3,,career_whip,717945,1.5048873712203883,1.4065806114847996
4,,career_battersFaced,717945,16.483333333333334,21.294117647058822
5,,recent_era,717945,5.55,6.072245337159255
6,,recent_homeRuns,717945,0.825,1.025
7,,recent_whip,717945,1.3875,1.5318428706948595
8,,recent_battersFaced,717945,22.799999999999997,22.474999999999998
