,f1,index,game_id,Away_Starter,Home Starter
0,,player_id,718497,628317,656557
1,,career_era,718497,4.613003601019063,5.062650141864198
2,,career_homeRuns,718497,0.6656327543424317,0.35416666666666663
3,,career_whip,718497,1.1910634808917095,1.5299783279982697
4,,career_battersFaced,718497,19.46588089330025,16.895833333333332
5,,recent_era,718497,4.634659090909091,8.691428571428572
6,,recent_homeRuns,718497,0.85,1.3249999999999997
7,,recent_whip,718497,1.5714015151515148,1.7254761904761904
8,,recent_battersFaced,718497,18.15,18.824999999999996
