,f1,index,game_id,Away_Starter,Home Starter
0,,player_id,717836,656731,448179
1,,career_era,717836,9.707124374676557,6.159387357109908
2,,career_homeRuns,717836,0.6,0.8006094782410571
3,,career_whip,717836,1.8725153096429186,1.5373051214051925
4,,career_battersFaced,717836,18.7,19.822026657552975
5,,recent_era,717836,5.454926470588235,4.578895872865275
6,,recent_homeRuns,717836,0.5249999999999999,0.5
7,,recent_whip,717836,2.063529411764706,1.3764982605945604
8,,recent_battersFaced,717836,22.625,24.349999999999998
