,f1,index,game_id,Away_Starter,Home Starter
0,,career_era,718419,7.179813617096895,2.122406104910039
1,,career_homeRuns,718419,1.0119047619047619,0.16666666666666666
2,,career_whip,718419,1.6272823855303624,0.7562233576184908
3,,career_battersFaced,718419,17.595238095238095,18.11904761904762
4,,recent_era,718419,6.197727272727272,4.243269230769231
5,,recent_homeRuns,718419,0.85,0.5
6,,recent_whip,718419,1.9204545454545452,1.36510989010989
7,,recent_battersFaced,718419,15.325,23.075
8,,player_id,718419,547179,642547
