,f1,index,game_id,Away_Starter,Home Starter
0,,player_id,718100,607536,592351
1,,career_era,718100,4.072348572872563,5.571410466309125
2,,career_homeRuns,718100,0.27941176470588236,0.3148148148148148
3,,career_whip,718100,1.3685807880672387,1.7260441748562676
4,,career_battersFaced,718100,17.948529411764707,18.50925925925926
5,,recent_era,718100,2.330357142857143,3.138340336134454
6,,recent_homeRuns,718100,0.875,0.75
7,,recent_whip,718100,0.9954761904761905,1.1064600840336134
8,,recent_battersFaced,718100,23.0,24.474999999999998
