,f1,index,game_id,Away_Starter,Home Starter
0,,player_id,718093,641778,621107
1,,career_era,718093,8.090649367190702,3.55177472108684
2,,career_homeRuns,718093,0.9666666666666667,0.625
3,,career_whip,718093,1.9412391278302255,1.1407258233382471
4,,career_battersFaced,718093,18.18333333333333,17.3125
5,,recent_era,718093,4.871874999999999,3.9
6,,recent_homeRuns,718093,1.0,1.1
7,,recent_whip,718093,1.8248015873015873,1.1116666666666666
8,,recent_battersFaced,718093,20.999999999999996,23.075
