,f1,index,game_id,Away_Starter,Home Starter
0,,player_id,718161,668881,657756
1,,career_era,718161,16.557091149647572,7.3125
2,,career_homeRuns,718161,1.0185185185185186,1.25
3,,career_whip,718161,2.7363123070322937,1.9285714285714288
4,,career_battersFaced,718161,13.277777777777779,16.75
5,,recent_era,718161,3.308314479638009,10.505454545454544
6,,recent_homeRuns,718161,0.75,1.075
7,,recent_whip,718161,1.4798114630467571,2.2575
8,,recent_battersFaced,718161,22.35,18.65
