,f1,index,game_id,Away_Starter,Home Starter
0,,player_id,717954,571578,592789
1,,career_era,717954,8.749886786176287,5.854531468616393
2,,career_homeRuns,717954,0.7595959595959596,0.44252873563218387
3,,career_whip,717954,2.064506453182871,1.7414057493889588
4,,career_battersFaced,717954,19.93232323232323,20.140804597701152
5,,recent_era,717954,4.398829039812647,5.1816176470588236
6,,recent_homeRuns,717954,0.675,0.425
7,,recent_whip,717954,1.2609387197501951,1.3852941176470588
8,,recent_battersFaced,717954,25.775,17.8
