,f1,index,game_id,Away_Starter,Home Starter
0,,player_id,718268,695243,642232
1,,career_era,718268,0.0,7.51331863670971
2,,career_homeRuns,718268,0.0,0.65
3,,career_whip,718268,0.0,1.7144550989366598
4,,career_battersFaced,718268,0.0,19.763636363636365
5,,recent_era,718268,6.722560975609756,6.440625
6,,recent_homeRuns,718268,0.25,0.6
7,,recent_whip,718268,1.0727351916376306,1.4338414634146341
8,,recent_battersFaced,718268,16.75,14.45
