,f1,index,game_id,Away_Starter,Home Starter
0,,player_id,718500,596133,672710
1,,career_era,718500,19.094090876345604,3.1015892942542873
2,,career_homeRuns,718500,0.5588235294117647,0.3333333333333333
3,,career_whip,718500,3.4163434519820783,1.445084937247778
4,,career_battersFaced,718500,14.852941176470587,16.38888888888889
5,,recent_era,718500,15.3046875,7.824658808933002
6,,recent_homeRuns,718500,0.675,0.0
7,,recent_whip,718500,2.3848958333333337,2.1596153846153845
8,,recent_battersFaced,718500,12.174999999999999,19.025000000000002
