,f1,index,game_id,Away_Starter,Home Starter
0,,player_id,718137,656288,680694
1,,career_era,718137,8.261781735547794,7.455104096047425
2,,career_homeRuns,718137,0.8235294117647058,0.7083333333333334
3,,career_whip,718137,1.9697325478269967,1.805435623279956
4,,career_battersFaced,718137,19.61764705882353,20.958333333333332
5,,recent_era,718137,7.868272058823529,7.725
6,,recent_homeRuns,718137,0.85,0.6
7,,recent_whip,718137,1.5189460784313724,1.9583333333333333
8,,recent_battersFaced,718137,20.2,21.0
