,f1,index,game_id,Away_Starter,Home Starter
0,,player_id,718272,656412,571927
1,,career_era,718272,3.3674208144796376,6.401458766856781
2,,career_homeRuns,718272,0.5185185185185185,0.6322916666666667
3,,career_whip,718272,1.0392715490754707,1.5043536450898953
4,,career_battersFaced,718272,14.148148148148149,19.286458333333332
5,,recent_era,718272,13.584260670731707,6.323755656108597
6,,recent_homeRuns,718272,0.175,0.85
7,,recent_whip,718272,3.357520325203252,1.7549208144796378
8,,recent_battersFaced,718272,17.075,22.799999999999997
