,f1,index,game_id,Away_Starter,Home Starter
0,,player_id,718019,592836,694363
1,,career_era,718019,7.249893088671742,0.625
2,,career_homeRuns,718019,0.55,0.2222222222222222
3,,career_whip,718019,1.5541290212621335,0.3657407407407407
4,,career_battersFaced,718019,18.67058823529412,8.444444444444445
5,,recent_era,718019,49.53387096774193,5.25
6,,recent_homeRuns,718019,0.625,0.5
7,,recent_whip,718019,8.569022770398483,1.3291666666666666
8,,recent_battersFaced,718019,17.424999999999997,20.6
