,f1,index,game_id,Away_Starter,Home Starter
0,,player_id,717813,543135,671737
1,,career_era,717813,3.947922890994847,0.9
2,,career_homeRuns,717813,0.419531857031857,0.0
3,,career_whip,717813,1.233925023366059,0.4973856209150327
4,,career_battersFaced,717813,21.490870240870237,7.833333333333333
5,,recent_era,717813,0.8499999999999999,3.9149999999999996
6,,recent_homeRuns,717813,0.35,0.6499999999999999
7,,recent_whip,717813,0.7759485094850948,1.3310576923076922
8,,recent_battersFaced,717813,24.5,20.375
