,f1,index,game_id,Away_Starter,Home Starter
0,,player_id,718176,686613,608337
1,,career_era,718176,1.7727272727272727,5.430730643248706
2,,career_homeRuns,718176,0.0,0.7901069518716577
3,,career_whip,718176,1.1022727272727273,1.4610522702701592
4,,career_battersFaced,718176,16.75,21.799910873440282
5,,recent_era,718176,4.7926829268292686,2.4794930875576036
6,,recent_homeRuns,718176,0.25,0.85
7,,recent_whip,718176,1.7621080139372824,0.8960445468509985
8,,recent_battersFaced,718176,22.200000000000003,25.325
