,f1,index,game_id,Away_Starter,Home Starter
0,,player_id,718061,621244,671737
1,,career_era,718061,11.13464129643512,0.0
2,,career_homeRuns,718061,0.7989766081871346,0.0
3,,career_whip,718061,2.1812309551673654,0.0
4,,career_battersFaced,718061,22.33698830409357,2.0
5,,recent_era,718061,4.014605382485745,3.195
6,,recent_homeRuns,718061,1.025,0.75
7,,recent_whip,718061,1.4403028082648264,0.9472549019607843
8,,recent_battersFaced,718061,25.849999999999998,17.1
