,f1,index,game_id,Away_Starter,Home Starter
0,,player_id,717973,592866,676272
1,,career_era,717973,4.124934587471352,0.0
2,,career_homeRuns,717973,0.5909090909090908,0.0
3,,career_whip,717973,1.440936465495289,0.0
4,,career_battersFaced,717973,17.198484848484846,0.0
5,,recent_era,717973,4.343808630393997,0.9
6,,recent_homeRuns,717973,1.1,0.0
7,,recent_whip,717973,1.2363333701210315,1.0
8,,recent_battersFaced,717973,20.15,15.5
