,f1,index,game_id,Away_Starter,Home Starter
0,,player_id,717947,527054,666201
1,,career_era,717947,8.285714285714285,4.732054688696403
2,,career_homeRuns,717947,0.41666666666666663,0.4734006734006734
3,,career_whip,717947,1.4305555555555556,1.5693477332192127
4,,career_battersFaced,717947,11.250000000000002,21.070202020202018
5,,recent_era,717947,3.684375,7.499134615384615
6,,recent_homeRuns,717947,0.4,0.7749999999999999
7,,recent_whip,717947,0.940625,2.1752884615384613
8,,recent_battersFaced,717947,14.274999999999999,21.275
