,f1,index,game_id,Away_Starter,Home Starter
0,,player_id,717989,656302,593958
1,,career_era,717989,3.9416926788086544,4.955016966087939
2,,career_homeRuns,717989,0.5417457305502846,0.451948051948052
3,,career_whip,717989,1.3201559486431889,1.6271019228373829
4,,career_battersFaced,717989,21.74573055028463,19.74689754689755
5,,recent_era,717989,5.14155737704918,2.9596153846153848
6,,recent_homeRuns,717989,0.825,0.4
7,,recent_whip,717989,1.332568306010929,1.288701923076923
8,,recent_battersFaced,717989,23.75,24.575
