,f1,index,game_id,Away_Starter,Home Starter
0,,player_id,717895,663474,657746
1,,career_era,717895,2.994533677922741,3.8458863984605816
2,,career_homeRuns,717895,0.75,0.5879765395894427
3,,career_whip,717895,0.9923190830953799,1.0252246453541922
4,,career_battersFaced,717895,23.694444444444443,18.539752362333004
5,,recent_era,717895,9.713871951219513,4.2375
6,,recent_homeRuns,717895,0.425,0.5
7,,recent_whip,717895,2.3997459349593493,1.4166666666666665
8,,recent_battersFaced,717895,13.599999999999998,22.875
