,f1,index,game_id,Away_Starter,Home Starter
0,,player_id,717875,641302,592836
1,,career_era,717875,5.535279102792398,7.249893088671742
2,,career_homeRuns,717875,0.7395833333333333,0.55
3,,career_whip,717875,1.492820317510685,1.5541290212621335
4,,career_battersFaced,717875,17.947916666666668,18.67058823529412
5,,recent_era,717875,2.9382692307692304,34.95120967741935
6,,recent_homeRuns,717875,0.925,0.5
7,,recent_whip,717875,0.9311630036630036,6.3526170145477545
8,,recent_battersFaced,717875,19.974999999999998,19.325
