,f1,index,game_id,Away_Starter,Home Starter
0,,player_id,718365,660761,607067
1,,career_era,718365,4.870694827529858,0.0
2,,career_homeRuns,718365,0.5683229813664596,0.0
3,,career_whip,718365,1.4133340783115553,0.0
4,,career_battersFaced,718365,20.860248447204967,0.0
5,,recent_era,718365,8.818990952006294,5.376923076923077
6,,recent_homeRuns,718365,1.6,0.6666666666666666
7,,recent_whip,718365,2.2735198662470495,1.258974358974359
8,,recent_battersFaced,718365,20.35,20.333333333333332
