,f1,index,game_id,Away_Starter,Home Starter
0,,player_id,718397,543037,571760
1,,career_era,718397,4.297840463799443,5.772085467647728
2,,career_homeRuns,718397,0.9149728997289973,1.0266666666666668
3,,career_whip,718397,1.2692888611497648,1.3901939800110714
4,,career_battersFaced,718397,22.672425474254744,19.793333333333337
5,,recent_era,718397,0.7081967213114755,7.368506493506493
6,,recent_homeRuns,718397,0.0,0.5
7,,recent_whip,718397,0.8439260193358553,1.7547186147186147
8,,recent_battersFaced,718397,24.2,20.175
