,f1,index,game_id,Away_Starter,Home Starter
0,,player_id,718152,657006,664299
1,,career_era,718152,2.147727628865686,3.259879785247432
2,,career_homeRuns,718152,0.14814814814814814,0.6851851851851851
3,,career_whip,718152,1.18580472267414,1.0788465029886598
4,,career_battersFaced,718152,18.870370370370374,20.925925925925927
5,,recent_era,718152,2.196428571428571,3.1554395604395604
6,,recent_homeRuns,718152,0.0,0.75
7,,recent_whip,718152,1.1858543417366947,0.9103021978021978
8,,recent_battersFaced,718152,23.325,22.974999999999998
