,f1,index,game_id,Away_Starter,Home Starter
0,,player_id,717886,666214,605400
1,,career_era,717886,4.920779220779221,6.5845498245924805
2,,career_homeRuns,717886,0.2857142857142857,0.6456639566395663
3,,career_whip,717886,1.410368893779032,1.449879436332441
4,,career_battersFaced,717886,18.714285714285715,19.541327913279133
5,,recent_era,717886,10.75323852976292,5.175
6,,recent_homeRuns,717886,0.5,1.5
7,,recent_whip,717886,2.5926999829438855,1.1833333333333333
8,,recent_battersFaced,717886,18.975,25.724999999999998
