,f1,index,game_id,Away_Starter,Home Starter
0,,player_id,718050,665622,594835
1,,career_era,718050,0.0,5.703405540676078
2,,career_homeRuns,718050,0.0,0.9629629629629629
3,,career_whip,718050,0.0,1.6224340980275431
4,,career_battersFaced,718050,0.0,22.787037037037038
5,,recent_era,718050,7.199999999999999,19.4325
6,,recent_homeRuns,718050,1.6666666666666665,0.825
7,,recent_whip,718050,1.2888888888888888,3.2708333333333335
8,,recent_battersFaced,718050,24.333333333333332,20.125
