,f1,index,game_id,Away_Starter,Home Starter
0,,player_id,717908,663776,664299
1,,career_era,717908,3.6916852128397553,3.259879785247432
2,,career_homeRuns,717908,0.49059561128526646,0.6851851851851851
3,,career_whip,717908,1.3465366523441165,1.0788465029886598
4,,career_battersFaced,717908,23.08307210031348,20.925925925925927
5,,recent_era,717908,4.0974297423887585,2.1910714285714286
6,,recent_homeRuns,717908,0.425,0.85
7,,recent_whip,717908,1.4790339578454332,0.8988095238095237
8,,recent_battersFaced,717908,24.6,21.999999999999996
