,f1,index,game_id,Away_Starter,Home Starter
0,,player_id,717825,656557,593334
1,,career_era,717825,6.614191280952198,4.048040189292282
2,,career_homeRuns,717825,0.8360042735042734,0.8402255639097744
3,,career_whip,717825,1.7557465743416762,1.1948390035145828
4,,career_battersFaced,717825,18.345619658119656,19.671052631578945
5,,recent_era,717825,6.351346153846154,2.6811976772566406
6,,recent_homeRuns,717825,0.675,0.5
7,,recent_whip,717825,1.3539102564102563,0.9933720457226538
8,,recent_battersFaced,717825,21.075,21.599999999999998
