,f1,index,game_id,Away_Starter,Home Starter
0,,player_id,718481,571927,669923
1,,career_era,718481,6.896064251137112,5.560892224306858
2,,career_homeRuns,718481,0.6188811188811189,0.5555555555555556
3,,career_whip,718481,1.562776488740801,1.4623781066870498
4,,career_battersFaced,718481,19.1993006993007,21.11111111111111
5,,recent_era,718481,5.22933257918552,2.6492902838864456
6,,recent_homeRuns,718481,0.7749999999999999,0.175
7,,recent_whip,718481,1.4984125188536952,1.1096126280670529
8,,recent_battersFaced,718481,23.099999999999998,20.25
