,f1,index,game_id,Away_Starter,Home Starter
0,,player_id,718021,458681,666214
1,,career_era,718021,3.9177802901969776,4.920779220779221
2,,career_homeRuns,718021,0.7416666666666667,0.2857142857142857
3,,career_whip,718021,1.2652335238951626,1.410368893779032
4,,career_battersFaced,718021,21.895833333333336,18.714285714285715
5,,recent_era,718021,5.177803505325979,12.255681818181818
6,,recent_homeRuns,718021,0.9249999999999999,1.2
7,,recent_whip,718021,1.2337572712850342,2.683275058275058
8,,recent_battersFaced,718021,25.624999999999996,19.450000000000003
