,f1,index,game_id,Away_Starter,Home Starter
0,,player_id,718190,592351,621076
1,,career_era,718190,5.571410466309125,4.7461006171154745
2,,career_homeRuns,718190,0.3148148148148148,0.7076923076923077
3,,career_whip,718190,1.7260441748562676,1.4285126173742566
4,,career_battersFaced,718190,18.50925925925926,21.484615384615385
5,,recent_era,718190,4.475105042016807,10.70139705882353
6,,recent_homeRuns,718190,0.925,1.325
7,,recent_whip,718190,1.2864845938375349,2.2498091736694676
8,,recent_battersFaced,718190,21.075,22.875
