,f1,index,game_id,Away_Starter,Home Starter
0,,recent_whip,718413,2.2333874458874456,1.9128411910669973
1,,recent_battersFaced,718413,13.6,22.075
2,,player_id,718413,664062,672710
3,,career_era,718413,4.256992779310451,5.955642873323913
4,,career_homeRuns,718413,0.2391304347826087,0.6842105263157895
5,,career_whip,718413,2.2253744825665884,1.5187574249607023
6,,career_battersFaced,718413,21.58695652173913,20.842105263157894
7,,recent_era,718413,3.1479545454545454,5.843207196029776
8,,recent_homeRuns,718413,0.0,0.0
