,f1,index,game_id,Away_Starter,Home Starter
0,,player_id,718267,605288,548389
1,,career_era,718267,4.872331240188384,20.230771982093483
2,,career_homeRuns,718267,0.3392857142857143,0.74
3,,career_whip,718267,1.5165700371057513,3.0438257776080606
4,,career_battersFaced,718267,17.958333333333332,19.05882352941176
5,,recent_era,718267,7.074193548387097,6.446612903225807
6,,recent_homeRuns,718267,0.0,1.0499999999999998
7,,recent_whip,718267,1.8887096774193548,1.7288018433179722
8,,recent_battersFaced,718267,11.274999999999999,20.2
