,f1,index,game_id,Away_Starter,Home Starter
0,,player_id,717873,572020,669456
1,,career_era,717873,4.105516679490595,2.278642062393656
2,,career_homeRuns,717873,0.39705882352941174,0.3858858858858859
3,,career_whip,717873,1.2209639793022866,0.8042143030093485
4,,career_battersFaced,717873,16.333333333333336,18.603603603603602
5,,recent_era,717873,5.0925,6.932056451612903
6,,recent_homeRuns,717873,0.85,0.7749999999999999
7,,recent_whip,717873,1.2125,1.8847782258064516
8,,recent_battersFaced,717873,17.2,25.525
