,f1,index,game_id,Away_Starter,Home Starter
0,,player_id,717888,593334,676272
1,,career_era,717888,4.048040189292282,0.0
2,,career_homeRuns,717888,0.8402255639097744,0.0
3,,career_whip,717888,1.1948390035145828,0.0
4,,career_battersFaced,717888,19.671052631578945,0.0
5,,recent_era,717888,2.574961118116856,1.1
6,,recent_homeRuns,717888,0.25,0.0
7,,recent_whip,717888,0.8773146980524029,0.9444444444444444
8,,recent_battersFaced,717888,20.974999999999998,17.666666666666664
