,f1,index,game_id,Away_Starter,Home Starter
0,,player_id,718525,554430,458681
1,,career_era,718525,3.4923700255380288,4.180836189285888
2,,career_homeRuns,718525,0.47121710526315785,0.7870843989769821
3,,career_whip,718525,1.1273943505612554,1.2714948958911636
4,,career_battersFaced,718525,23.379934210526315,22.21227621483376
5,,recent_era,718525,4.528084648493544,6.871013133208256
6,,recent_homeRuns,718525,0.475,1.425
7,,recent_whip,718525,1.4543519846963178,1.6631175734834274
8,,recent_battersFaced,718525,20.4,22.124999999999996
