,f1,index,game_id,Away_Starter,Home Starter
0,,player_id,718187,571945,446372
1,,career_era,718187,10.444697153035088,8.692658807441921
2,,career_homeRuns,718187,0.8783783783783784,0.5707070707070707
3,,career_whip,718187,2.0912564201278596,2.0398282527378906
4,,career_battersFaced,718187,18.381756756756758,20.31060606060606
5,,recent_era,718187,3.2925587683478645,6.42674369747899
6,,recent_homeRuns,718187,0.6,1.175
7,,recent_whip,718187,1.4833872634958083,1.3955812324929973
8,,recent_battersFaced,718187,23.0,22.825
