,f1,index,game_id,Away_Starter,Home Starter
0,,player_id,717795,666129,608337
1,,career_era,717795,4.273029286505782,4.289051087227262
2,,career_homeRuns,717795,0.5294117647058824,0.6736253942136294
3,,career_whip,717795,1.4065806114847996,1.2434297876387772
4,,career_battersFaced,717795,21.294117647058822,21.26663695781343
5,,recent_era,717795,3.1411764705882357,4.481249999999999
6,,recent_homeRuns,717795,0.675,1.0
7,,recent_whip,717795,0.9394358727097396,1.5151041666666667
8,,recent_battersFaced,717795,20.375,21.574999999999996
