,f1,index,game_id,Away_Starter,Home Starter
0,,player_id,718075,641540,682847
1,,career_era,718075,5.497072951561876,68.48571428571428
2,,career_homeRuns,718075,0.6107336956521738,0.25
3,,career_whip,718075,1.6454566344365884,8.12087912087912
4,,career_battersFaced,718075,20.420516304347828,17.25
5,,recent_era,718075,2.175,12.075
6,,recent_homeRuns,718075,0.175,0.25
7,,recent_whip,718075,0.9983333333333333,3.158333333333333
8,,recent_battersFaced,718075,21.575,16.224999999999998
