,f1,index,game_id,Away_Starter,Home Starter
0,,player_id,718007,682227,592791
1,,career_era,718007,6.0,4.401843919679267
2,,career_homeRuns,718007,0.0,0.7822660098522167
3,,career_whip,718007,2.0,1.3015622510155436
4,,career_battersFaced,718007,3.333333333333333,20.860098522167487
5,,recent_era,718007,10.844537017860187,13.010064935064936
6,,recent_homeRuns,718007,0.85,1.025
7,,recent_whip,718007,2.1586839989279016,2.399437229437229
8,,recent_battersFaced,718007,18.15,16.825
