,f1,index,game_id,Away_Starter,Home Starter
0,,player_id,717937,676440,641154
1,,career_era,717937,1.1538461538461537,3.525740641015321
2,,career_homeRuns,717937,0.0,0.5785714285714285
3,,career_whip,717937,0.7692307692307692,1.2519328719623162
4,,career_battersFaced,717937,14.666666666666666,17.17857142857143
5,,recent_era,717937,3.8419117647058822,4.999680237794991
6,,recent_homeRuns,717937,0.4,1.3499999999999999
7,,recent_whip,717937,1.3511540032679739,1.2484131988230347
8,,recent_battersFaced,717937,22.45,23.8
