,f1,index,game_id,Away_Starter,Home Starter
0,,player_id,718154,681217,665152
1,,career_era,718154,9.426829268292684,21.04402676261187
2,,career_homeRuns,718154,1.0,0.8876811594202899
3,,career_whip,718154,1.9231029810298104,3.5348444136063932
4,,career_battersFaced,718154,17.666666666666664,19.70169082125604
5,,recent_era,718154,10.025201612903226,3.1615384615384614
6,,recent_homeRuns,718154,0.575,0.35
7,,recent_whip,718154,1.9195564516129033,1.4043382961124895
8,,recent_battersFaced,718154,16.099999999999998,23.924999999999997
