,f1,index,game_id,Away_Starter,Home Starter
0,,player_id,718269,645261,669713
1,,career_era,718269,2.6844698755921033,2.1073067915690866
2,,career_homeRuns,718269,0.6071428571428572,0.4
3,,career_whip,718269,1.2468650389653209,1.0018891491022637
4,,career_battersFaced,718269,21.974789915966387,21.2
5,,recent_era,718269,6.546634615384615,8.33880266075388
6,,recent_homeRuns,718269,0.85,0.575
7,,recent_whip,718269,1.509455128205128,2.203067257945307
8,,recent_battersFaced,718269,24.474999999999998,20.224999999999998
