,f1,index,game_id,Away_Starter,Home Starter
0,,player_id,718406,607625,669713
1,,career_era,718406,0.0,2.1073067915690866
2,,career_homeRuns,718406,0.0,0.4
3,,career_whip,718406,0.5,1.0018891491022637
4,,career_battersFaced,718406,7.0,21.2
5,,recent_era,718406,3.796875,10.251860943934114
6,,recent_homeRuns,718406,0.175,0.7749999999999999
7,,recent_whip,718406,1.5072916666666667,2.6486675113504377
8,,recent_battersFaced,718406,23.05,20.175
