,f1,index,game_id,Away_Starter,Home Starter
0,,player_id,718083,477132,656427
1,,career_era,718083,2.1253835064452,7.2046875
2,,career_homeRuns,718083,0.4037037037037037,0.5
3,,career_whip,718083,0.8476931899747937,2.1770833333333335
4,,career_battersFaced,718083,19.003703703703703,17.875
5,,recent_era,718083,3.1714285714285713,11.024999999999999
6,,recent_homeRuns,718083,0.75,0.75
7,,recent_whip,718083,1.3702380952380953,2.1619047619047618
8,,recent_battersFaced,718083,22.599999999999998,22.249999999999996
