,f1,index,game_id,Away_Starter,Home Starter
0,,player_id,718580,663776,656557
1,,career_era,718580,3.7220906548021104,5.062650141864198
2,,career_homeRuns,718580,0.4642857142857143,0.35416666666666663
3,,career_whip,718580,1.3590273572768075,1.5299783279982697
4,,career_battersFaced,718580,22.44642857142857,16.895833333333332
5,,recent_era,718580,1.3499999999999999,9.685714285714285
6,,recent_homeRuns,718580,0.25,1.8499999999999999
7,,recent_whip,718580,0.8458333333333334,1.625
8,,recent_battersFaced,718580,17.799999999999997,19.15
