,f1,index,game_id,Away_Starter,Home Starter
0,,player_id,718058,680694,543037
1,,career_era,718058,7.455104096047425,4.297840463799443
2,,career_homeRuns,718058,0.7083333333333334,0.9149728997289973
3,,career_whip,718058,1.805435623279956,1.2692888611497648
4,,career_battersFaced,718058,20.958333333333332,22.672425474254744
5,,recent_era,718058,6.932903225806452,3.4354838709677415
6,,recent_homeRuns,718058,0.75,0.85
7,,recent_whip,718058,1.7217665130568356,1.4776881720430106
8,,recent_battersFaced,718058,21.15,25.9
