,f1,index,game_id,Away_Starter,Home Starter
0,,player_id,718569,676534,579328
1,,career_era,718569,0.0,8.591348258393197
2,,career_homeRuns,718569,0.0,0.9375
3,,career_whip,718569,0.0,2.212179519583885
4,,career_battersFaced,718569,0.0,19.20991847826087
5,,recent_era,718569,0.0,4.758811959087333
6,,recent_homeRuns,718569,0.0,1.0
7,,recent_whip,718569,0.0,1.652835276446606
8,,recent_battersFaced,718569,0.0,17.674999999999997
