,f1,index,game_id,Away_Starter,Home Starter
0,,player_id,717841,676477,543037
1,,career_era,717841,4.32,3.1920701481016813
2,,career_homeRuns,717841,0.5,0.5101191717045375
3,,career_whip,717841,1.365,1.1172034400270254
4,,career_battersFaced,717841,17.3,22.12157772218748
5,,recent_era,717841,6.136607142857143,4.365
6,,recent_homeRuns,717841,0.875,1.15
7,,recent_whip,717841,1.3849404761904762,1.3291666666666666
8,,recent_battersFaced,717841,20.674999999999997,23.875
