,f1,index,game_id,Away_Starter,Home Starter
0,,player_id,718571,543101,547179
1,,career_era,718571,6.408311827332678,7.4492112910770185
2,,career_homeRuns,718571,0.5357142857142857,1.0394736842105263
3,,career_whip,718571,1.6646440379566578,1.641213112829298
4,,career_battersFaced,718571,18.867857142857144,17.52631578947368
5,,recent_era,718571,2.731352459016393,3.855681818181818
6,,recent_homeRuns,718571,0.35,0.5
7,,recent_whip,718571,0.7698258196721312,1.841363636363636
8,,recent_battersFaced,718571,17.725,15.0
