,f1,index,game_id,Away_Starter,Home Starter
0,,player_id,717816,669022,694363
1,,career_era,717816,4.507728147090101,1.9178571428571427
2,,career_homeRuns,717816,0.4214743589743589,0.13333333333333333
3,,career_whip,717816,1.6353072949609948,0.6575396825396824
4,,career_battersFaced,717816,17.24358974358974,10.799999999999999
5,,recent_era,717816,3.8067226890756305,4.7379298642533945
6,,recent_homeRuns,717816,1.025,0.35
7,,recent_whip,717816,1.4788865546218486,1.2399321266968326
8,,recent_battersFaced,717816,23.475,21.375
