,f1,index,game_id,Away_Starter,Home Starter
0,,player_id,718410,666129,657140
1,,career_era,718410,4.273029286505782,5.743263797830199
2,,career_homeRuns,718410,0.5294117647058824,0.296875
3,,career_whip,718410,1.4065806114847996,1.6153336381951342
4,,career_battersFaced,718410,21.294117647058822,17.578125
5,,recent_era,718410,3.786726078799249,7.95118006993007
6,,recent_homeRuns,718410,0.0,1.15
7,,recent_whip,718410,1.4497811131957472,1.806614219114219
8,,recent_battersFaced,718410,19.875,19.65
