,f1,index,game_id,Away_Starter,Home Starter
0,,player_id,718126,675911,543135
1,,career_era,718126,4.993540838971517,5.596216225432094
2,,career_homeRuns,718126,0.43478260869565216,0.7131410256410257
3,,career_whip,718126,1.360639592308853,1.4195019668573319
4,,career_battersFaced,718126,20.17391304347826,22.108974358974358
5,,recent_era,718126,2.5229032258064517,1.2374999999999998
6,,recent_homeRuns,718126,0.175,0.0
7,,recent_whip,718126,0.8656854838709678,0.8032012195121951
8,,recent_battersFaced,718126,22.9,27.45
