,f1,index,game_id,Away_Starter,Home Starter
0,,player_id,718566,621381,668933
1,,career_era,718566,7.170266291538639,6.697148906017364
2,,career_homeRuns,718566,0.5,0.55
3,,career_whip,718566,2.5994075678366815,1.6547123313095704
4,,career_battersFaced,718566,14.236842105263158,23.2
5,,recent_era,718566,2.1477272727272725,1.7142857142857142
6,,recent_homeRuns,718566,0.175,0.4
7,,recent_whip,718566,1.0977272727272727,0.955952380952381
8,,recent_battersFaced,718566,13.399999999999999,20.174999999999997
