,f1,index,game_id,Away_Starter,Home Starter
0,,player_id,717831,594580,605288
1,,career_era,717831,0.0,4.952553948068061
2,,career_homeRuns,717831,0.0,0.3125
3,,career_whip,717831,0.0,1.5489976729140036
4,,career_battersFaced,717831,0.0,17.708333333333336
5,,recent_era,717831,0.0,4.62661149825784
6,,recent_homeRuns,717831,0.0,0.4
7,,recent_whip,717831,0.0,1.6542187606750016
8,,recent_battersFaced,717831,0.0,23.174999999999997
