,f1,index,game_id,Away_Starter,Home Starter
0,,player_id,718459,593958,680570
1,,career_era,718459,11.129406686486336,3.5757575757575752
2,,career_homeRuns,718459,0.6203007518796992,0.2222222222222222
3,,career_whip,718459,2.808586622649668,1.0606060606060606
4,,career_battersFaced,718459,20.7249373433584,7.555555555555555
5,,recent_era,718459,2.5566176470588236,7.98640243902439
6,,recent_homeRuns,718459,0.5,0.825
7,,recent_whip,718459,0.9637254901960783,1.7347560975609757
8,,recent_battersFaced,718459,23.849999999999998,20.575000000000003
