,f1,index,game_id,Away_Starter,Home Starter
0,,player_id,718189,656232,656302
1,,career_era,718189,3.6,3.9416926788086544
2,,career_homeRuns,718189,0.5,0.5417457305502846
3,,career_whip,718189,0.8454545454545453,1.3201559486431889
4,,career_battersFaced,718189,6.833333333333334,21.74573055028463
5,,recent_era,718189,8.271428571428572,8.94375
6,,recent_homeRuns,718189,0.425,0.85
7,,recent_whip,718189,2.0267857142857144,2.0125
8,,recent_battersFaced,718189,15.1,23.025
