,f1,index,game_id,Away_Starter,Home Starter
0,,player_id,717823,573186,543101
1,,career_era,717823,2.903166984642322,3.4720982142857144
2,,career_homeRuns,717823,0.4160135841170324,0.25
3,,career_whip,717823,1.159751712628529,1.3939901244588744
4,,career_battersFaced,717823,20.06119383490073,16.458333333333336
5,,recent_era,717823,4.338068181818181,7.401932773109244
6,,recent_homeRuns,717823,0.32499999999999996,0.6
7,,recent_whip,717823,1.2379419191919192,1.6525770308123249
8,,recent_battersFaced,717823,24.8,21.825000000000003
