,f1,index,game_id,Away_Starter,Home Starter
0,,player_id,718234,593958,685410
1,,career_era,718234,11.108748377255415,0.0
2,,career_homeRuns,718234,0.6285714285714286,0.0
3,,career_whip,718234,2.7978800228473144,0.0
4,,career_battersFaced,718234,20.695238095238096,0.0
5,,recent_era,718234,0.43269230769230765,3.6321428571428567
6,,recent_homeRuns,718234,0.25,0.85
7,,recent_whip,718234,0.5697115384615384,1.1595238095238094
8,,recent_battersFaced,718234,24.299999999999997,22.0
