,f1,index,game_id,Away_Starter,Home Starter
0,,player_id,717883,527054,671096
1,,career_era,717883,10.223214285714285,0.0
2,,career_homeRuns,717883,0.5,0.0
3,,career_whip,717883,1.5625,0.0
4,,career_battersFaced,717883,12.5,0.0
5,,recent_era,717883,0.9421875,0.0
6,,recent_homeRuns,717883,0.175,0.0
7,,recent_whip,717883,0.7557291666666667,0.0
8,,recent_battersFaced,717883,15.95,0.0
