,f1,index,game_id,Away_Starter,Home Starter
0,,player_id,718273,657746,615698
1,,career_era,718273,5.09492011627903,4.576125857026291
2,,career_homeRuns,718273,0.8548387096774194,0.8205128205128205
3,,career_whip,718273,1.0653249497605113,1.4383705079341533
4,,career_battersFaced,718273,17.801075268817204,19.807692307692307
5,,recent_era,718273,2.2339285714285717,5.860335074965924
6,,recent_homeRuns,718273,0.49999999999999994,0.675
7,,recent_whip,718273,0.7541666666666667,1.6720971528093291
8,,recent_battersFaced,718273,23.849999999999998,24.2
