,f1,index,game_id,Away_Starter,Home Starter
0,,player_id,717863,669923,608379
1,,career_era,717863,5.560892224306858,4.173994309012185
2,,career_homeRuns,717863,0.5555555555555556,0.6674074074074074
3,,career_whip,717863,1.4769283712373142,1.2660683577891634
4,,career_battersFaced,717863,21.11111111111111,19.414074074074072
5,,recent_era,717863,4.679032258064516,1.9392857142857143
6,,recent_homeRuns,717863,1.175,0.5
7,,recent_whip,717863,1.2465917818740397,1.0297619047619047
8,,recent_battersFaced,717863,25.925,22.975
