,f1,index,game_id,Away_Starter,Home Starter
0,,player_id,718149,622491,601713
1,,career_era,718149,1.9348633260677932,5.536292533261745
2,,career_homeRuns,718149,0.5277777777777778,0.8181467181467181
3,,career_whip,718149,0.824472418336851,1.543367302991168
4,,career_battersFaced,718149,20.12962962962963,21.6011583011583
5,,recent_era,718149,4.210714285714285,9.256153846153847
6,,recent_homeRuns,718149,0.675,1.25
7,,recent_whip,718149,1.2521428571428572,1.751730769230769
8,,recent_battersFaced,718149,23.674999999999997,22.450000000000003
