,f1,index,game_id,Away_Starter,Home Starter
0,,player_id,718573,668676,641771
1,,career_era,718573,9.280048606861113,5.9321149558294906
2,,career_homeRuns,718573,0.8494623655913978,0.7420634920634921
3,,career_whip,718573,1.9589523660480124,1.6674153796920796
4,,career_battersFaced,718573,21.689366786140976,19.325396825396826
5,,recent_era,718573,16.573326591441347,4.982647058823529
6,,recent_homeRuns,718573,0.5,0.925
7,,recent_whip,718573,2.914948903555461,1.236624649859944
8,,recent_battersFaced,718573,18.974999999999998,18.95
