,f1,index,game_id,Away_Starter,Home Starter
0,,player_id,717935,554430,680686
1,,career_era,717935,3.8748401078219246,2.282439658195026
2,,career_homeRuns,717935,0.3939393939393939,0.47159090909090906
3,,career_whip,717935,1.2101394836353507,1.0059520694799646
4,,career_battersFaced,717935,18.757575757575758,15.872632575757573
5,,recent_era,717935,3.458823529411765,3.06
6,,recent_homeRuns,717935,0.675,0.4
7,,recent_whip,717935,1.0975490196078432,1.6325
8,,recent_battersFaced,717935,26.475,24.45
