,f1,index,game_id,Away_Starter,Home Starter
0,,player_id,717850,453286,450203
1,,career_era,717850,3.948632562936046,3.35440698199183
2,,career_homeRuns,717850,0.6148148148148148,0.6060606060606061
3,,career_whip,717850,1.0245567696471782,1.2539054977723343
4,,career_battersFaced,717850,19.714814814814815,20.28030303030303
5,,recent_era,717850,3.5707603686635947,4.186638655462184
6,,recent_homeRuns,717850,0.55,0.5
7,,recent_whip,717850,1.1207219662058372,1.540736423601699
8,,recent_battersFaced,717850,22.7,25.8
