,f1,index,game_id,Away_Starter,Home Starter
0,,player_id,718488,666129,668676
1,,career_era,718488,4.948517886721797,9.280048606861113
2,,career_homeRuns,718488,0.4789915966386554,0.8494623655913978
3,,career_whip,718488,1.7536341805070974,1.9589523660480124
4,,career_battersFaced,718488,20.718487394957982,21.689366786140976
5,,recent_era,718488,4.371727586437952,12.159168618266978
6,,recent_homeRuns,718488,0.0,0.425
7,,recent_whip,718488,1.7228940520861253,2.307646370023419
8,,recent_battersFaced,718488,19.05,21.125
