,f1,index,game_id,Away_Starter,Home Starter
0,,player_id,718002,477132,607192
1,,career_era,718002,2.1253835064452,5.175617122315906
2,,career_homeRuns,718002,0.4037037037037037,0.538888888888889
3,,career_whip,718002,0.8476931899747937,1.378894817893522
4,,career_battersFaced,718002,19.003703703703703,19.81666666666667
5,,recent_era,718002,5.6625,1.5053571428571426
6,,recent_homeRuns,718002,0.5249999999999999,0.175
7,,recent_whip,718002,1.8345238095238092,0.834375
8,,recent_battersFaced,718002,21.525,16.625
