,f1,index,game_id,Away_Starter,Home Starter
0,,player_id,718475,607536,650911
1,,career_era,718475,5.210562215543817,180.0
2,,career_homeRuns,718475,0.664027149321267,0.0
3,,career_whip,718475,1.5221035741259215,20.291666666666668
4,,career_battersFaced,718475,21.95814479638009,7.0
5,,recent_era,718475,9.215542521994134,12.910714285714285
6,,recent_homeRuns,718475,0.75,0.825
7,,recent_whip,718475,2.0291788856304986,2.104285714285714
8,,recent_battersFaced,718475,21.4,14.4
