,f1,index,game_id,Away_Starter,Home Starter
0,,player_id,718258,607536,656605
1,,career_era,718258,4.072348572872563,9.825062796808872
2,,career_homeRuns,718258,0.27941176470588236,0.6121212121212122
3,,career_whip,718258,1.3685807880672387,2.1911292405406004
4,,career_battersFaced,718258,17.948529411764707,17.26060606060606
5,,recent_era,718258,7.636363636363636,2.9625
6,,recent_homeRuns,718258,1.25,0.475
7,,recent_whip,718258,1.4909090909090907,1.1583333333333332
8,,recent_battersFaced,718258,20.449999999999996,24.049999999999997
