,f1,index,game_id,Away_Starter,Home Starter
0,,player_id,717932,668881,519242
1,,career_era,717932,8.316547235864675,25.96619773942635
2,,career_homeRuns,717932,0.5213243546576879,0.36363636363636365
3,,career_whip,717932,1.9897320787990536,3.5928729136282613
4,,career_battersFaced,717932,16.06228956228956,15.454545454545455
5,,recent_era,717932,5.563938267614738,2.298543618266979
6,,recent_homeRuns,717932,1.325,0.675
7,,recent_whip,717932,1.3447398190045248,0.7874609679937548
8,,recent_battersFaced,717932,23.474999999999998,23.725
