,f1,index,game_id,Away_Starter,Home Starter
0,,player_id,718570,502043,656629
1,,career_era,718570,12.04767511339982,2.6684326149814765
2,,career_homeRuns,718570,0.6138528138528139,0.4722222222222222
3,,career_whip,718570,2.5146079328051996,0.8800266641901683
4,,career_battersFaced,718570,22.242857142857144,15.263888888888888
5,,recent_era,718570,4.521709601873536,8.670731707317074
6,,recent_homeRuns,718570,0.85,1.6
7,,recent_whip,718570,1.3771545667447307,2.2033681765389086
8,,recent_battersFaced,718570,22.475,20.375
