,f1,index,game_id,Away_Starter,Home Starter
0,,player_id,717892,647336,668678
1,,career_era,717892,0.0,4.561013237923408
2,,career_homeRuns,717892,0.0,0.35984848484848486
3,,career_whip,717892,0.0,1.3414444962729108
4,,career_battersFaced,717892,0.0,20.445707070707073
5,,recent_era,717892,6.031168831168831,3.9566792582417585
6,,recent_homeRuns,717892,0.425,0.0
7,,recent_whip,717892,1.9662337662337663,1.5831654456654456
8,,recent_battersFaced,717892,20.6,24.974999999999998
