,f1,index,game_id,Away_Starter,Home Starter
0,,player_id,717879,425794,527048
1,,career_era,717879,2.741724453064002,5.253788437055733
2,,career_homeRuns,717879,0.2714285714285714,0.537037037037037
3,,career_whip,717879,0.8385861729377247,1.6127044510563535
4,,career_battersFaced,717879,16.495238095238093,21.83838383838384
5,,recent_era,717879,6.4592307692307696,8.520267857142857
6,,recent_homeRuns,717879,0.6,1.1749999999999998
7,,recent_whip,717879,1.8069230769230769,1.9811011904761902
8,,recent_battersFaced,717879,24.625,25.025
