,f1,index,game_id,Away_Starter,Home Starter
0,,player_id,718576,542881,601713
1,,career_era,718576,4.367707638029737,5.408643927041711
2,,career_homeRuns,718576,0.6997126436781609,0.8038610038610039
3,,career_whip,718576,1.2840636832064,1.5218217700170638
4,,career_battersFaced,718576,22.355842911877396,21.38108108108108
5,,recent_era,718576,5.867647058823529,2.8875
6,,recent_homeRuns,718576,1.25,1.025
7,,recent_whip,718576,1.745973389355742,1.3499999999999999
8,,recent_battersFaced,718576,21.249999999999996,20.625
