,f1,index,game_id,Away_Starter,Home Starter
0,,player_id,717897,605288,594902
1,,career_era,717897,4.952553948068061,0.0
2,,career_homeRuns,717897,0.3125,0.0
3,,career_whip,717897,1.5489976729140036,0.41666666666666663
4,,career_battersFaced,717897,17.708333333333336,8.5
5,,recent_era,717897,5.116790069686411,3.5495192307692305
6,,recent_homeRuns,717897,0.175,1.0
7,,recent_whip,717897,1.8260149791623967,1.2498397435897437
8,,recent_battersFaced,717897,22.075,21.1
