,f1,index,game_id,Away_Starter,Home Starter
0,,player_id,717815,641585,663474
1,,career_era,717815,0.0,2.994533677922741
2,,career_homeRuns,717815,0.0,0.75
3,,career_whip,717815,0.5333333333333333,0.9923190830953799
4,,career_battersFaced,717815,12.666666666666666,23.694444444444443
5,,recent_era,717815,5.295180122297058,5.144621080139372
6,,recent_homeRuns,717815,1.3499999999999999,0.32499999999999996
7,,recent_whip,717815,1.4597835799952734,1.5264590592334495
8,,recent_battersFaced,717815,24.3,14.325
