,f1,index,game_id,Away_Starter,Home Starter
0,,player_id,718084,672578,458681
1,,career_era,718084,8.412031122506159,3.9177802901969776
2,,career_homeRuns,718084,0.7272727272727273,0.7416666666666667
3,,career_whip,718084,1.8836348097249442,1.2652335238951626
4,,career_battersFaced,718084,18.551948051948052,21.895833333333336
5,,recent_era,718084,9.972321428571428,6.600344488932537
6,,recent_homeRuns,718084,0.35,1.0
7,,recent_whip,718084,2.261011904761905,1.409249074563723
8,,recent_battersFaced,718084,17.75,25.474999999999998
