,f1,index,game_id,Away_Starter,Home Starter
0,,player_id,718118,668678,670912
1,,career_era,718118,2.439483270213781,5.915625
2,,career_homeRuns,718118,0.3522727272727273,0.625
3,,career_whip,718118,1.1779925567030776,2.3267857142857142
4,,career_battersFaced,718118,18.064393939393938,20.3125
5,,recent_era,718118,1.8914285714285715,9.860294117647058
6,,recent_homeRuns,718118,0.0,0.0
7,,recent_whip,718118,0.8599525110590684,2.4411764705882355
8,,recent_battersFaced,718118,24.9,23.624999999999996
