,f1,index,game_id,Away_Starter,Home Starter
0,,player_id,718177,543475,607067
1,,career_era,718177,5.943887543584639,0.0
2,,career_homeRuns,718177,1.0470219435736678,0.0
3,,career_whip,718177,1.5945912013259727,0.0
4,,career_battersFaced,718177,23.214733542319753,0.0
5,,recent_era,718177,8.0125,4.804615384615385
6,,recent_homeRuns,718177,2.175,1.075
7,,recent_whip,718177,1.325,1.0548717948717947
8,,recent_battersFaced,718177,26.775000000000002,20.7
