,f1,index,game_id,Away_Starter,Home Starter
0,,player_id,718132,669022,665795
1,,career_era,718132,4.886306613216005,6.176877828054298
2,,career_homeRuns,718132,0.1875,0.3333333333333333
3,,career_whip,718132,1.7460425485330608,1.5643652589240824
4,,career_battersFaced,718132,14.5,17.2
5,,recent_era,718132,3.2624999999999997,6.869811172305272
6,,recent_homeRuns,718132,0.575,0.925
7,,recent_whip,718132,1.55625,1.605334382376082
8,,recent_battersFaced,718132,22.5,20.7
