,f1,index,game_id,Away_Starter,Home Starter
0,,player_id,717907,656756,682847
1,,career_era,717907,4.623334632580801,68.48571428571428
2,,career_homeRuns,717907,0.6235294117647059,0.25
3,,career_whip,717907,1.3721863064336879,8.12087912087912
4,,career_battersFaced,717907,21.376470588235293,17.25
5,,recent_era,717907,6.416470588235295,5.08
6,,recent_homeRuns,717907,1.1,0.675
7,,recent_whip,717907,1.8588235294117648,1.8647222222222222
8,,recent_battersFaced,717907,23.075,22.4
