,f1,index,game_id,Away_Starter,Home Starter
0,,player_id,717881,674072,663623
1,,career_era,717881,5.925984312157491,1.4634146341463414
2,,career_homeRuns,717881,1.1,0.0
3,,career_whip,717881,1.4681467021034724,0.9756097560975611
4,,career_battersFaced,717881,21.0,11.999999999999998
5,,recent_era,717881,3.3234491315136476,8.038636363636364
6,,recent_homeRuns,717881,1.025,0.85
7,,recent_whip,717881,1.2038993264799713,2.004706905116741
8,,recent_battersFaced,717881,23.575,20.275
