,f1,index,game_id,Away_Starter,Home Starter
0,,player_id,718141,641927,477132
1,,career_era,718141,3.9326112101016646,2.1253835064452
2,,career_homeRuns,718141,0.6944444444444444,0.4037037037037037
3,,career_whip,718141,1.2049051344452386,0.8476931899747937
4,,career_battersFaced,718141,18.42777777777778,19.003703703703703
5,,recent_era,718141,2.743269230769231,2.726785714285714
6,,recent_homeRuns,718141,0.8,0.925
7,,recent_whip,718141,0.9842032967032965,1.1833333333333333
8,,recent_battersFaced,718141,22.25,24.05
