,f1,index,game_id,Away_Starter,Home Starter
0,,player_id,717893,607536,663903
1,,career_era,717893,4.072348572872563,5.112402910811523
2,,career_homeRuns,717893,0.27941176470588236,0.6424501424501424
3,,career_whip,717893,1.3685807880672387,1.5597818474592433
4,,career_battersFaced,717893,17.948529411764707,21.964387464387467
5,,recent_era,717893,7.386675824175824,6.890625
6,,recent_homeRuns,717893,0.9,0.4
7,,recent_whip,717893,2.030311355311355,2.013541666666667
8,,recent_battersFaced,717893,22.875,22.724999999999998
