,f1,index,game_id,Away_Starter,Home Starter
0,,player_id,718069,665795,502624
1,,career_era,718069,6.176877828054298,11.161363636363635
2,,career_homeRuns,718069,0.3333333333333333,0.5666666666666667
3,,career_whip,718069,1.5643652589240824,2.091666666666667
4,,career_battersFaced,718069,17.2,13.0
5,,recent_era,718069,6.69529897718332,81.3375
6,,recent_homeRuns,718069,0.8999999999999999,0.0
7,,recent_whip,718069,1.5165538945712038,9.7625
8,,recent_battersFaced,718069,19.574999999999996,12.274999999999999
