,f1,index,game_id,Away_Starter,Home Starter
0,,player_id,718078,666200,622072
1,,career_era,718078,4.47809324338055,5.4114250939739215
2,,career_homeRuns,718078,0.5119047619047619,0.5333333333333333
3,,career_whip,718078,1.275644622012035,1.4311260808642094
4,,career_battersFaced,718078,19.752380952380953,16.616666666666667
5,,recent_era,718078,3.4921204595085045,3.197268907563025
6,,recent_homeRuns,718078,0.8999999999999999,0.25
7,,recent_whip,718078,1.4916264263525358,1.345518207282913
8,,recent_battersFaced,718078,24.549999999999997,16.5
