,f1,index,game_id,Away_Starter,Home Starter
0,,player_id,717856,669854,605135
1,,career_era,717856,0.0,5.419122926734524
2,,career_homeRuns,717856,0.0,0.6793539793539793
3,,career_whip,717856,0.0,1.3689559033664258
4,,career_battersFaced,717856,0.0,21.266600066600066
5,,recent_era,717856,1.1764705882352942,4.453893442622951
6,,recent_homeRuns,717856,0.3333333333333333,1.025
7,,recent_whip,717856,1.1983976386253425,1.187841530054645
8,,recent_battersFaced,717856,16.333333333333332,25.95
