,f1,index,game_id,Away_Starter,Home Starter
0,,player_id,717867,502043,642547
1,,career_era,717867,8.212028035645396,2.122406104910039
2,,career_homeRuns,717867,0.6317460317460317,0.16666666666666666
3,,career_whip,717867,1.9546670457108348,0.7562233576184908
4,,career_battersFaced,717867,20.673015873015874,18.11904761904762
5,,recent_era,717867,3.233076923076923,8.276155462184875
6,,recent_homeRuns,717867,0.15,1.35
7,,recent_whip,717867,1.3239010989010986,2.140546218487395
8,,recent_battersFaced,717867,24.65,23.124999999999996
