,f1,index,game_id,Away_Starter,Home Starter
0,,player_id,718407,608379,592767
1,,career_era,718407,4.173994309012185,7.536656101749358
2,,career_homeRuns,718407,0.6674074074074074,1.114814814814815
3,,career_whip,718407,1.2660683577891634,1.7068071383023327
4,,career_battersFaced,718407,19.414074074074072,17.85185185185185
5,,recent_era,718407,8.783963414634147,4.3476923076923075
6,,recent_homeRuns,718407,0.675,0.725
7,,recent_whip,718407,2.069207317073171,1.2990170940170942
8,,recent_battersFaced,718407,23.174999999999997,22.125
