,f1,index,game_id,Away_Starter,Home Starter
0,,player_id,718092,519242,605397
1,,career_era,718092,25.96619773942635,1.9593996347168448
2,,career_homeRuns,718092,0.36363636363636365,0.46785714285714286
3,,career_whip,718092,3.5928729136282613,0.7818734029040455
4,,career_battersFaced,718092,15.454545454545455,22.617857142857144
5,,recent_era,718092,3.464446721311475,7.270682382133994
6,,recent_homeRuns,718092,0.25,1.0999999999999999
7,,recent_whip,718092,1.0193989071038252,1.7555459057071958
8,,recent_battersFaced,718092,24.25,22.5
