,f1,index,game_id,Away_Starter,Home Starter
0,,player_id,717861,669713,542881
1,,career_era,717861,2.1073067915690866,5.085841010033412
2,,career_homeRuns,717861,0.4,0.7030651340996168
3,,career_whip,717861,1.0018891491022637,1.4112392436552395
4,,career_battersFaced,717861,21.2,21.20689655172414
5,,recent_era,717861,5.09030487804878,6.0225
6,,recent_homeRuns,717861,1.575,0.175
7,,recent_whip,717861,1.148678861788618,1.6341666666666668
8,,recent_battersFaced,717861,21.025,21.975
