,f1,index,game_id,Away_Starter,Home Starter
0,,player_id,718395,669456,601713
1,,career_era,718395,4.135783604422201,5.536292533261745
2,,career_homeRuns,718395,0.6486486486486487,0.8181467181467181
3,,career_whip,718395,1.1886813830645597,1.543367302991168
4,,career_battersFaced,718395,24.621621621621625,21.6011583011583
5,,recent_era,718395,3.660576923076923,5.438076923076923
6,,recent_homeRuns,718395,0.5,1.0
7,,recent_whip,718395,1.2679487179487179,1.5696153846153846
8,,recent_battersFaced,718395,24.775,22.55
