,f1,index,game_id,Away_Starter,Home Starter
0,,player_id,718420,656629,579328
1,,career_era,718420,3.0585268583239746,9.171824361265688
2,,career_homeRuns,718420,0.5357142857142857,0.9642857142857143
3,,career_whip,718420,0.996035490809227,2.31969487345798
4,,career_battersFaced,718420,16.464285714285715,19.72360248447205
5,,recent_era,718420,8.133841463414635,3.3698780487804876
6,,recent_homeRuns,718420,1.775,1.2
7,,recent_whip,718420,1.896849593495935,1.1451626016260164
8,,recent_battersFaced,718420,23.075,20.95
