,f1,index,game_id,Away_Starter,Home Starter
0,,player_id,718080,641154,660271
1,,career_era,718080,3.525740641015321,7.232142857142857
2,,career_homeRuns,718080,0.5785714285714285,0.25
3,,career_whip,718080,1.2519328719623162,1.875
4,,career_battersFaced,718080,17.17857142857143,6.0
5,,recent_era,718080,6.7599238875878225,1.8589285714285713
6,,recent_homeRuns,718080,1.35,0.0
7,,recent_whip,718080,1.35602068696331,1.306904761904762
8,,recent_battersFaced,718080,22.949999999999996,14.899999999999999
