,f1,index,game_id,Away_Starter,Home Starter
0,,player_id,718120,657376,594902
1,,career_era,718120,3.834146341463415,0.0
2,,career_homeRuns,718120,0.0,0.0
3,,career_whip,718120,1.167479674796748,0.0
4,,career_battersFaced,718120,13.2,0.0
5,,recent_era,718120,6.075,3.375
6,,recent_homeRuns,718120,0.725,0.5
7,,recent_whip,718120,1.6692289823997144,1.0833333333333333
8,,recent_battersFaced,718120,22.775000000000002,13.25
