,f1,index,game_id,Away_Starter,Home Starter
0,,player_id,718346,693821,645261
1,,career_era,718346,2.7881922955093685,2.6844698755921033
2,,career_homeRuns,718346,0.36363636363636365,0.6071428571428572
3,,career_whip,718346,1.212225714664739,1.2468650389653209
4,,career_battersFaced,718346,21.454545454545453,21.974789915966387
5,,recent_era,718346,2.6911764705882355,6.3129807692307685
6,,recent_homeRuns,718346,0.75,0.675
7,,recent_whip,718346,1.262094181935069,1.347489316239316
8,,recent_battersFaced,718346,23.4,24.424999999999997
