,f1,index,game_id,Away_Starter,Home Starter
0,,player_id,718423,571927,543101
1,,career_era,718423,6.401458766856781,3.4720982142857144
2,,career_homeRuns,718423,0.6322916666666667,0.25
3,,career_whip,718423,1.5043536450898953,1.3939901244588744
4,,career_battersFaced,718423,19.286458333333332,16.458333333333336
5,,recent_era,718423,5.907692307692307,4.8090031729243785
6,,recent_homeRuns,718423,1.0,0.8
7,,recent_whip,718423,1.5013763197586727,1.0905010576414595
8,,recent_battersFaced,718423,23.4,22.299999999999997
