,f1,index,game_id,Away_Starter,Home Starter
0,,player_id,717997,554430,450203
1,,career_era,717997,3.8748401078219246,3.35440698199183
2,,career_homeRuns,717997,0.3939393939393939,0.6060606060606061
3,,career_whip,717997,1.2101394836353507,1.2539054977723343
4,,career_battersFaced,717997,18.757575757575758,20.28030303030303
5,,recent_era,717997,4.085294117647059,4.653151260504202
6,,recent_homeRuns,717997,0.675,0.825
7,,recent_whip,717997,1.2318627450980393,1.3927136983825787
8,,recent_battersFaced,717997,25.45,25.15
