,f1,index,game_id,Away_Starter,Home Starter
0,,player_id,718433,605182,621244
1,,career_era,718433,7.27256794725615,11.13464129643512
2,,career_homeRuns,718433,0.96,0.7989766081871346
3,,career_whip,718433,1.570765923143671,2.1812309551673654
4,,career_battersFaced,718433,19.84,22.33698830409357
5,,recent_era,718433,5.46090387374462,6.376648351648352
6,,recent_homeRuns,718433,0.65,0.175
7,,recent_whip,718433,1.715738880918221,1.2335851648351646
8,,recent_battersFaced,718433,20.525000000000002,21.35
