,f1,index,game_id,Away_Starter,Home Starter
0,,player_id,718584,518516,669432
1,,career_era,718584,5.389040140419411,5.5074826059761754
2,,career_homeRuns,718584,0.8746081504702194,0.43666666666666665
3,,career_whip,718584,1.3678877792717048,1.5498548397134937
4,,career_battersFaced,718584,21.569487983281086,20.05
5,,recent_era,718584,5.4139285714285705,7.07848432055749
6,,recent_homeRuns,718584,0.75,0.65
7,,recent_whip,718584,1.825568356374808,1.3317465156794426
8,,recent_battersFaced,718584,18.25,19.275
