,f1,index,game_id,Away_Starter,Home Starter
0,,player_id,718107,572020,605483
1,,career_era,718107,2.3760266573176465,5.1959875892608345
2,,career_homeRuns,718107,0.39705882352941174,0.4666666666666667
3,,career_whip,718107,0.7401805351042083,1.5048873712203883
4,,career_battersFaced,718107,10.0,16.483333333333334
5,,recent_era,718107,2.6610864745011087,3.4575
6,,recent_homeRuns,718107,0.25,0.75
7,,recent_whip,718107,0.7304323725055433,1.2283333333333333
8,,recent_battersFaced,718107,12.5,23.575
