,f1,index,game_id,Away_Starter,Home Starter
0,,player_id,717814,621112,527054
1,,career_era,717814,6.874949658685832,10.223214285714285
2,,career_homeRuns,717814,0.6944444444444444,0.5
3,,career_whip,717814,1.7214696314167437,1.5625
4,,career_battersFaced,717814,20.36111111111111,12.5
5,,recent_era,717814,14.358629032258063,1.544892418032787
6,,recent_homeRuns,717814,1.025,0.675
7,,recent_whip,717814,2.4858064516129033,0.942614412568306
8,,recent_battersFaced,717814,17.925,19.025
