,f1,index,game_id,Away_Starter,Home Starter
0,,player_id,717872,471911,693821
1,,career_era,717872,5.327677318204934,2.7881922955093685
2,,career_homeRuns,717872,0.59375,0.36363636363636365
3,,career_whip,717872,1.5792618444721003,1.212225714664739
4,,career_battersFaced,717872,21.625,21.454545454545453
5,,recent_era,717872,4.87147465437788,2.1116072908036454
6,,recent_homeRuns,717872,0.975,0.25
7,,recent_whip,717872,1.315353302611367,1.293650925158796
8,,recent_battersFaced,717872,23.225,24.55
