,f1,index,game_id,Away_Starter,Home Starter
0,,player_id,718170,641401,622072
1,,career_era,718170,0.0,5.4114250939739215
2,,career_homeRuns,718170,0.0,0.5333333333333333
3,,career_whip,718170,0.0,1.4311260808642094
4,,career_battersFaced,718170,0.0,16.616666666666667
5,,recent_era,718170,0.0,2.2140756302521005
6,,recent_homeRuns,718170,0.0,0.0
7,,recent_whip,718170,0.0,1.1787394957983193
8,,recent_battersFaced,718170,0.0,16.075
