,f1,index,game_id,Away_Starter,Home Starter
0,,player_id,718496,663776,641482
1,,career_era,718496,3.6565584058488367,2.890450380248736
2,,career_homeRuns,718496,0.458128078817734,0.7223502304147466
3,,career_whip,718496,1.3514258589045425,1.0029311241318604
4,,career_battersFaced,718496,22.519704433497537,19.892857142857142
5,,recent_era,718496,1.2149999999999999,2.2339600840336136
6,,recent_homeRuns,718496,0.175,0.675
7,,recent_whip,718496,1.0920833333333333,0.9676890756302521
8,,recent_battersFaced,718496,17.05,19.825
