,f1,index,game_id,Away_Starter,Home Starter
0,,player_id,718453,666205,594798
1,,career_era,718453,9.379405594405593,2.0851639806046487
2,,career_homeRuns,718453,0.325,0.5821428571428572
3,,career_whip,718453,2.1085266816516812,0.711677846283261
4,,career_battersFaced,718453,16.575,19.910714285714285
5,,recent_era,718453,9.358269230769231,3.366294642857143
6,,recent_homeRuns,718453,0.8,0.175
7,,recent_whip,718453,2.488701923076923,0.9447916666666667
8,,recent_battersFaced,718453,22.5,19.325
