,f1,index,game_id,Away_Starter,Home Starter
0,,player_id,717904,671737,656557
1,,career_era,717904,1.2,6.509534110165994
2,,career_homeRuns,717904,0.0,0.8410547785547785
3,,career_whip,717904,0.48888888888888893,1.7750215049069298
4,,career_battersFaced,717904,5.999999999999999,17.865821678321677
5,,recent_era,717904,3.825,6.143653846153846
6,,recent_homeRuns,717904,0.7749999999999999,0.825
7,,recent_whip,717904,1.1874547511312217,1.2202564102564102
8,,recent_battersFaced,717904,19.9,21.575
