,f1,index,game_id,Away_Starter,Home Starter
0,,player_id,718421,608566,676440
1,,career_era,718421,5.049216767785973,0.0
2,,career_homeRuns,718421,0.8888888888888888,0.0
3,,career_whip,718421,1.4746313261405342,0.0
4,,career_battersFaced,718421,22.73611111111111,0.0
5,,recent_era,718421,3.452205882352941,0.0
6,,recent_homeRuns,718421,0.925,0.0
7,,recent_whip,718421,0.9364705882352942,0.0
8,,recent_battersFaced,718421,20.4,0.0
