,f1,index,game_id,Away_Starter,Home Starter
0,,player_id,717821,669194,571510
1,,career_era,717821,6.622919491436349,4.8398436480932805
2,,career_homeRuns,717821,0.41666666666666663,0.75
3,,career_whip,717821,1.5595072733074886,1.499817577667728
4,,career_battersFaced,717821,16.13888888888889,20.705882352941174
5,,recent_era,717821,5.4053571428571425,9.745017482517481
6,,recent_homeRuns,717821,0.55,0.425
7,,recent_whip,717821,1.6900210084033613,2.1288752913752913
8,,recent_battersFaced,717821,21.650000000000002,19.625
