,f1,index,game_id,Away_Starter,Home Starter
0,,player_id,718581,527048,677651
1,,career_era,718581,5.128788437055733,5.056362131274662
2,,career_homeRuns,718581,0.537037037037037,0.6735294117647059
3,,career_whip,718581,1.590713710315613,1.3410685848835215
4,,career_battersFaced,718581,21.949494949494948,20.54019607843137
5,,recent_era,718581,2.6226923076923074,5.865
6,,recent_homeRuns,718581,0.6,0.85
7,,recent_whip,718581,1.267179487179487,1.7358333333333333
8,,recent_battersFaced,718581,18.900000000000002,19.95
