,f1,index,game_id,Away_Starter,Home Starter
0,,player_id,717820,645261,656629
1,,career_era,717820,3.6291855625899414,5.35742469556845
2,,career_homeRuns,717820,0.44480519480519476,1.027056277056277
3,,career_whip,717820,1.226850518156673,1.5169342249482345
4,,career_battersFaced,717820,20.900687547746372,19.124458874458877
5,,recent_era,717820,5.944091154746893,3.480836236933798
6,,recent_homeRuns,717820,0.32499999999999996,0.75
7,,recent_whip,717820,1.2850192157569205,0.9165614111498257
8,,recent_battersFaced,717820,26.799999999999997,22.724999999999998
