,f1,index,game_id,Away_Starter,Home Starter
0,,player_id,718164,622772,666201
1,,career_era,718164,0.0,2.9571825912304748
2,,career_homeRuns,718164,0.0,0.5111111111111111
3,,career_whip,718164,0.0,1.0623165161654162
4,,career_battersFaced,718164,0.0,22.483333333333334
5,,recent_era,718164,0.0,5.387142857142857
6,,recent_homeRuns,718164,0.0,0.575
7,,recent_whip,718164,0.0,1.8154761904761902
8,,recent_battersFaced,718164,0.0,23.525
