,f1,index,game_id,Away_Starter,Home Starter
0,,player_id,717928,663556,678394
1,,career_era,717928,3.21138382472867,5.404010695187166
2,,career_homeRuns,717928,0.6030092592592593,0.09090909090909091
3,,career_whip,717928,1.161032312088572,1.8793226381461674
4,,career_battersFaced,717928,20.725694444444443,22.090909090909093
5,,recent_era,717928,2.7618131868131868,2.5853571428571427
6,,recent_homeRuns,717928,0.6,0.825
7,,recent_whip,717928,1.2962225274725274,1.3459523809523808
8,,recent_battersFaced,717928,24.25,23.275
