,f1,index,game_id,Away_Starter,Home Starter
0,,player_id,718101,694297,656605
1,,career_era,718101,3.0,9.825062796808872
2,,career_homeRuns,718101,1.0,0.6121212121212122
3,,career_whip,718101,0.6666666666666666,2.1911292405406004
4,,career_battersFaced,718101,11.0,17.26060606060606
5,,recent_era,718101,7.875,1.2899999999999998
6,,recent_homeRuns,718101,1.45,0.0
7,,recent_whip,718101,1.4583333333333333,0.7917460317460316
8,,recent_battersFaced,718101,18.3,25.525
