,f1,index,game_id,Away_Starter,Home Starter
0,,player_id,717920,665152,657277
1,,career_era,717920,21.04402676261187,3.959261221816256
2,,career_homeRuns,717920,0.8876811594202899,0.6995791245791245
3,,career_whip,717920,3.5348444136063932,1.2938443707120149
4,,career_battersFaced,717920,19.70169082125604,20.317255892255893
5,,recent_era,717920,2.6813876937912617,1.1464285714285714
6,,recent_homeRuns,717920,0.425,0.15
7,,recent_whip,717920,1.403024009099226,0.9744047619047619
8,,recent_battersFaced,717920,24.4,26.15
