,f1,index,game_id,Away_Starter,Home Starter
0,,player_id,718014,571578,543475
1,,career_era,718014,13.69228831880388,5.943887543584639
2,,career_homeRuns,718014,0.8242424242424242,1.0470219435736678
3,,career_whip,718014,2.652903113050013,1.5945912013259727
4,,career_battersFaced,718014,19.796969696969697,23.214733542319753
5,,recent_era,718014,3.2691176470588235,14.252500000000001
6,,recent_homeRuns,718014,0.575,1.25
7,,recent_whip,718014,1.168627450980392,1.9924999999999997
8,,recent_battersFaced,718014,24.224999999999998,22.025
