,f1,index,game_id,Away_Starter,Home Starter
0,,player_id,718257,664062,642547
1,,career_era,718257,4.177433356965615,2.122406104910039
2,,career_homeRuns,718257,0.22,0.16666666666666666
3,,career_whip,718257,2.2134159525326895,0.7562233576184908
4,,career_battersFaced,718257,21.62,18.11904761904762
5,,recent_era,718257,3.7139610389610382,4.5115384615384615
6,,recent_homeRuns,718257,0.25,0.85
7,,recent_whip,718257,2.2570136852394915,1.385576923076923
8,,recent_battersFaced,718257,13.775,24.4
