,f1,index,game_id,Away_Starter,Home Starter
0,,player_id,718067,605154,641927
1,,career_era,718067,0.0,3.9326112101016646
2,,career_homeRuns,718067,0.0,0.6944444444444444
3,,career_whip,718067,1.125,1.2049051344452386
4,,career_battersFaced,718067,3.875,18.42777777777778
5,,recent_era,718067,1.575,2.0625
6,,recent_homeRuns,718067,0.0,0.5
7,,recent_whip,718067,1.0772727272727272,1.0166666666666666
8,,recent_battersFaced,718067,4.35,23.375
