,f1,index,game_id,Away_Starter,Home Starter
0,,player_id,717839,663738,669330
1,,career_era,717839,18.40262146196173,4.941560878146244
2,,career_homeRuns,717839,0.7246543778801844,0.6071428571428571
3,,career_whip,717839,3.0971456583987074,1.3165036944762554
4,,career_battersFaced,717839,20.05414746543779,17.392857142857142
5,,recent_era,717839,6.3065464895635674,3.7773529411764706
6,,recent_homeRuns,717839,0.15,1.125
7,,recent_whip,717839,1.730866540164453,1.0150700280112044
8,,recent_battersFaced,717839,18.075,22.3
