,f1,index,game_id,Away_Starter,Home Starter
0,,player_id,717840,434378,675911
1,,career_era,717840,2.6764491888975366,2.658209885674138
2,,career_homeRuns,717840,0.7315891472868218,0.2542819499341238
3,,career_whip,717840,0.986518264958707,0.9634545948080736
4,,career_battersFaced,717840,22.72512919896641,16.33201581027668
5,,recent_era,717840,5.354732142857143,3.502741935483871
6,,recent_homeRuns,717840,0.7749999999999999,1.025
7,,recent_whip,717840,1.334672619047619,1.1101612903225806
8,,recent_battersFaced,717840,24.949999999999996,23.499999999999996
