,f1,index,game_id,Away_Starter,Home Starter
0,,player_id,718259,663556,502043
1,,career_era,718259,3.21138382472867,15.522207789748238
2,,career_homeRuns,718259,0.6030092592592593,0.5619047619047619
3,,career_whip,718259,1.161032312088572,3.100878900409291
4,,career_battersFaced,718259,20.725694444444443,22.185714285714283
5,,recent_era,718259,2.3325,5.538563132621714
6,,recent_homeRuns,718259,0.85,0.6
7,,recent_whip,718259,1.1133333333333333,1.661969367850583
8,,recent_battersFaced,718259,22.95,24.325
