,f1,index,game_id,Away_Starter,Home Starter
0,,player_id,718134,543037,605135
1,,career_era,718134,4.297840463799443,4.229863234453713
2,,career_homeRuns,718134,0.9149728997289973,0.5835164835164834
3,,career_whip,718134,1.2692888611497648,1.230952861683107
4,,career_battersFaced,718134,22.672425474254744,23.072527472527472
5,,recent_era,718134,4.183064516129033,1.7763934426229508
6,,recent_homeRuns,718134,1.0,0.175
7,,recent_whip,718134,1.4539909015715469,0.8773172001040854
8,,recent_battersFaced,718134,24.825,25.4
