,f1,index,game_id,Away_Starter,Home Starter
0,,player_id,718461,678394,669203
1,,career_era,718461,6.734873949579833,3.206128639550001
2,,career_homeRuns,718461,0.0,0.47957516339869277
3,,career_whip,718461,1.8484593837535015,1.043748954650762
4,,career_battersFaced,718461,20.857142857142854,22.27532679738562
5,,recent_era,718461,7.941136363636363,5.797230989956958
6,,recent_homeRuns,718461,0.425,0.8999999999999999
7,,recent_whip,718461,2.566060606060606,1.2979943806791008
8,,recent_battersFaced,718461,22.125,22.699999999999996
