,f1,index,game_id,Away_Starter,Home Starter
0,,player_id,717949,694363,621076
1,,career_era,717949,0.96875,4.7461006171154745
2,,career_homeRuns,717949,0.16666666666666666,0.7076923076923077
3,,career_whip,717949,0.38541666666666663,1.4285126173742566
4,,career_battersFaced,717949,9.833333333333332,21.484615384615385
5,,recent_era,717949,5.478791208791209,8.128125
6,,recent_homeRuns,717949,0.425,0.8
7,,recent_whip,717949,1.3771520146520144,1.9837053571428571
8,,recent_battersFaced,717949,21.224999999999998,22.65
