,f1,index,game_id,Away_Starter,Home Starter
0,,player_id,717981,656557,518876
1,,career_era,717981,5.296260478801293,6.539860453634011
2,,career_homeRuns,717981,0.34134615384615385,1.05
3,,career_whip,717981,1.631167014371676,1.273552115244395
4,,career_battersFaced,717981,16.870192307692307,17.257142857142856
5,,recent_era,717981,5.468653846153846,2.721428571428571
6,,recent_homeRuns,717981,0.425,0.6
7,,recent_whip,717981,1.2427564102564101,0.874404761904762
8,,recent_battersFaced,717981,22.625,23.575
