,f1,index,game_id,Away_Starter,Home Starter
0,,player_id,717898,571945,448179
1,,career_era,717898,10.444697153035088,5.667317852867377
2,,career_homeRuns,717898,0.8783783783783784,0.5836466165413534
3,,career_whip,717898,2.0912564201278596,1.4862231201048193
4,,career_battersFaced,717898,18.381756756756758,19.102443609022558
5,,recent_era,717898,1.2667682926829267,6.006893382352941
6,,recent_homeRuns,717898,0.175,0.4
7,,recent_whip,717898,0.8846689895470383,1.5675857843137257
8,,recent_battersFaced,717898,25.0,23.65
