,f1,index,game_id,Away_Starter,Home Starter
0,,player_id,718026,605400,689266
1,,career_era,718026,4.473339619697098,0.0
2,,career_homeRuns,718026,0.7703252032520325,0.0
3,,career_whip,718026,1.175475495490247,0.3333333333333333
4,,career_battersFaced,718026,20.790650406504067,8.666666666666666
5,,recent_era,718026,3.65510831381733,6.547891986062718
6,,recent_homeRuns,718026,1.0,1.075
7,,recent_whip,718026,0.8898077673692428,1.8319221835075494
8,,recent_battersFaced,718026,25.875,22.799999999999997
