,f1,index,game_id,Away_Starter,Home Starter
0,,player_id,717855,592791,642545
1,,career_era,717855,4.401843919679267,2.0736020568731033
2,,career_homeRuns,717855,0.7822660098522167,0.4
3,,career_whip,717855,1.3015622510155436,0.7341201153947023
4,,career_battersFaced,717855,20.860098522167487,8.85
5,,recent_era,717855,11.030094905094904,1.7294117647058822
6,,recent_homeRuns,717855,0.6499999999999999,0.32499999999999996
7,,recent_whip,717855,2.1215034965034962,1.2982843137254902
8,,recent_battersFaced,717855,18.725,18.125
