,f1,index,game_id,Away_Starter,Home Starter
0,,player_id,718148,694363,641540
1,,career_era,718148,0.0,5.497072951561876
2,,career_homeRuns,718148,0.0,0.6107336956521738
3,,career_whip,718148,0.2222222222222222,1.6454566344365884
4,,career_battersFaced,718148,6.666666666666667,20.420516304347828
5,,recent_era,718148,5.339732142857143,1.7999999999999998
6,,recent_homeRuns,718148,0.15,0.175
7,,recent_whip,718148,1.6183035714285714,0.9158333333333333
8,,recent_battersFaced,718148,19.275,19.7
