,f1,index,game_id,Away_Starter,Home Starter
0,,player_id,718585,640455,666214
1,,career_era,718585,5.9056225609715,4.920779220779221
2,,career_homeRuns,718585,0.8003472222222222,0.2857142857142857
3,,career_whip,718585,1.5361307271023112,1.410368893779032
4,,career_battersFaced,718585,21.98090277777778,18.714285714285715
5,,recent_era,718585,4.588856304985336,13.754779411764705
6,,recent_homeRuns,718585,0.5,0.6
7,,recent_whip,718585,1.045869990224829,2.1263480392156864
8,,recent_battersFaced,718585,16.4,14.524999999999999
