,f1,index,game_id,Away_Starter,Home Starter
0,,player_id,718010,519242,694297
1,,career_era,718010,25.96619773942635,3.0
2,,career_homeRuns,718010,0.36363636363636365,1.0
3,,career_whip,718010,3.5928729136282613,0.6666666666666666
4,,career_battersFaced,718010,15.454545454545455,11.0
5,,recent_era,718010,3.3198038641686183,8.088529411764705
6,,recent_homeRuns,718010,0.75,1.2999999999999998
7,,recent_whip,718010,0.8872560499609679,1.5738235294117646
8,,recent_battersFaced,718010,24.799999999999997,20.474999999999998
