,f1,index,game_id,Away_Starter,Home Starter
0,,player_id,717916,680694,502171
1,,career_era,717916,7.455104096047425,4.5761005349927215
2,,career_homeRuns,717916,0.7083333333333334,0.275
3,,career_whip,717916,1.805435623279956,1.9118484666807092
4,,career_battersFaced,717916,20.958333333333332,21.016666666666666
5,,recent_era,717916,3.226935483870968,5.917914746543779
6,,recent_homeRuns,717916,0.575,0.75
7,,recent_whip,717916,1.1411827956989247,1.873847114947751
8,,recent_battersFaced,717916,22.525000000000002,24.95
