,f1,index,game_id,Away_Starter,Home Starter
0,,player_id,717851,665152,669203
1,,career_era,717851,11.361211977976119,3.984279859230082
2,,career_homeRuns,717851,1.1443785682916117,0.5046296296296297
3,,career_whip,717851,2.175279271897807,1.129084993389593
4,,career_battersFaced,717851,19.597533304055045,18.74537037037037
5,,recent_era,717851,3.074034752614791,3.8089285714285714
6,,recent_homeRuns,717851,0.6,1.125
7,,recent_whip,717851,1.30792596988354,1.2275
8,,recent_battersFaced,717851,24.099999999999998,25.525
