,f1,index,game_id,Away_Starter,Home Starter
0,,player_id,718110,682243,693821
1,,career_era,718110,0.0,2.7881922955093685
2,,career_homeRuns,718110,0.0,0.36363636363636365
3,,career_whip,718110,0.0,1.212225714664739
4,,career_battersFaced,718110,0.0,21.454545454545453
5,,recent_era,718110,3.0374999999999996,2.5764705882352943
6,,recent_homeRuns,718110,0.15,0.5249999999999999
7,,recent_whip,718110,1.0404761904761903,1.1573529411764707
8,,recent_battersFaced,718110,20.525000000000002,22.75
