,f1,index,game_id,Away_Starter,Home Starter
0,,player_id,718042,664062,693821
1,,career_era,718042,4.311175667224054,2.7881922955093685
2,,career_homeRuns,718042,0.2037037037037037,0.36363636363636365
3,,career_whip,718042,2.2887268920757227,1.212225714664739
4,,career_battersFaced,718042,21.203703703703706,21.454545454545453
5,,recent_era,718042,1.1249999999999998,3.0176470588235293
6,,recent_homeRuns,718042,0.35,0.44999999999999996
7,,recent_whip,718042,0.9711021505376345,1.1887254901960784
8,,recent_battersFaced,718042,18.875,22.674999999999997
