,f1,index,game_id,Away_Starter,Home Starter
0,,player_id,718045,527048,670912
1,,career_era,718045,5.253788437055733,5.915625
2,,career_homeRuns,718045,0.537037037037037,0.625
3,,career_whip,718045,1.6127044510563535,2.3267857142857142
4,,career_battersFaced,718045,21.83838383838384,20.3125
5,,recent_era,718045,6.150669642857143,9.023823529411764
6,,recent_homeRuns,718045,0.925,0.25
7,,recent_whip,718045,1.7278603142076503,2.265294117647059
8,,recent_battersFaced,718045,24.675,23.375
