,f1,index,game_id,Away_Starter,Home Starter
0,,player_id,718081,642547,656222
1,,career_era,718081,2.122406104910039,9.066964285714285
2,,career_homeRuns,718081,0.16666666666666666,0.8214285714285714
3,,career_whip,718081,0.7562233576184908,2.066220238095238
4,,career_battersFaced,718081,18.11904761904762,13.0
5,,recent_era,718081,5.11052036199095,0.5249999999999999
6,,recent_homeRuns,718081,0.75,0.175
7,,recent_whip,718081,1.3869720965309202,0.7375
8,,recent_battersFaced,718081,24.275,8.025
