,f1,index,game_id,Away_Starter,Home Starter
0,,player_id,717866,605200,571578
1,,career_era,717866,3.1809503576435953,8.543928039041068
2,,career_homeRuns,717866,0.521551724137931,0.7191919191919192
3,,career_whip,717866,1.1631620997943648,1.9899655257007667
4,,career_battersFaced,717866,16.103448275862068,20.154545454545456
5,,recent_era,717866,7.094796533619803,5.063114754098361
6,,recent_homeRuns,717866,0.49999999999999994,1.075
7,,recent_whip,717866,1.9182778551110573,1.6383196721311475
8,,recent_battersFaced,717866,20.025,25.95
