,f1,index,game_id,Away_Starter,Home Starter
0,,player_id,718106,657746,672282
1,,career_era,718106,5.09492011627903,7.1412257408864415
2,,career_homeRuns,718106,0.8548387096774194,0.7592592592592593
3,,career_whip,718106,1.0653249497605113,1.8261160025150798
4,,career_battersFaced,718106,17.801075268817204,19.09259259259259
5,,recent_era,718106,1.65,5.172477547442561
6,,recent_homeRuns,718106,0.15,0.5
7,,recent_whip,718106,0.9791666666666666,1.7026424045766309
8,,recent_battersFaced,718106,24.25,21.55
