,f1,index,game_id,Away_Starter,Home Starter
0,,player_id,718460,666200,671106
1,,career_era,718460,5.406331532616064,0.0
2,,career_homeRuns,718460,0.6028138528138528,0.0
3,,career_whip,718460,1.4426613120752547,0.0
4,,career_battersFaced,718460,20.4978354978355,0.0
5,,recent_era,718460,3.5363414634146344,180.0
6,,recent_homeRuns,718460,0.25,0.0
7,,recent_whip,718460,1.3647279549718574,20.0
8,,recent_battersFaced,718460,22.9,6.0
