,f1,index,game_id,Away_Starter,Home Starter
0,,player_id,718102,680570,666201
1,,career_era,718102,4.561793237250553,2.9571825912304748
2,,career_homeRuns,718102,0.41666666666666663,0.5111111111111111
3,,career_whip,718102,1.1093126385809313,1.0623165161654162
4,,career_battersFaced,718102,11.249999999999998,22.483333333333334
5,,recent_era,718102,9.624961228287841,5.679642857142857
6,,recent_homeRuns,718102,1.525,0.925
7,,recent_whip,718102,2.2376217431761787,2.0179761904761904
8,,recent_battersFaced,718102,21.025000000000002,22.749999999999996
