,f1,index,game_id,Away_Starter,Home Starter
0,,player_id,718435,446372,680694
1,,career_era,718435,8.692658807441921,7.455104096047425
2,,career_homeRuns,718435,0.5707070707070707,0.7083333333333334
3,,career_whip,718435,2.0398282527378906,1.805435623279956
4,,career_battersFaced,718435,20.31060606060606,20.958333333333332
5,,recent_era,718435,9.160679723502303,7.4025
6,,recent_homeRuns,718435,1.425,0.15
7,,recent_whip,718435,1.6271351766513056,1.6825
8,,recent_battersFaced,718435,19.95,15.95
