,f1,index,game_id,Away_Starter,Home Starter
0,,player_id,717953,656605,622072
1,,career_era,717953,5.9113845686332605,5.4114250939739215
2,,career_homeRuns,717953,0.6888888888888889,0.5333333333333333
3,,career_whip,717953,1.511040194177314,1.4311260808642094
4,,career_battersFaced,717953,18.177777777777774,16.616666666666667
5,,recent_era,717953,3.27,4.12781425891182
6,,recent_homeRuns,717953,0.75,0.675
7,,recent_whip,717953,0.8772222222222221,1.2683261860091128
8,,recent_battersFaced,717953,25.25,18.175
