,f1,index,game_id,Away_Starter,Home Starter
0,,player_id,717802,656232,669456
1,,career_era,717802,12.825,2.156384770471352
2,,career_homeRuns,717802,0.375,0.3645183645183645
3,,career_whip,717802,2.384090909090909,0.8259672376034742
4,,career_battersFaced,717802,11.75,18.82155232155232
5,,recent_era,717802,3.1225310173697265,6.879149680964197
6,,recent_homeRuns,717802,0.9249999999999999,0.725
7,,recent_whip,717802,1.42136476426799,1.792940225097483
8,,recent_battersFaced,717802,24.374999999999996,25.05
