,f1,index,game_id,Away_Starter,Home Starter
0,,player_id,718096,686973,663776
1,,career_era,718096,3.9043438914027155,3.6916852128397553
2,,career_homeRuns,718096,0.8,0.49059561128526646
3,,career_whip,718096,1.2645550527903469,1.3465366523441165
4,,career_battersFaced,718096,21.0,23.08307210031348
5,,recent_era,718096,7.1440573770491795,4.552909836065574
6,,recent_homeRuns,718096,1.5,0.425
7,,recent_whip,718096,1.6007513661202188,1.2302185792349727
8,,recent_battersFaced,718096,22.175,25.2
