,f1,index,game_id,Away_Starter,Home Starter
0,,player_id,718457,608337,621107
1,,career_era,718457,5.33872097790635,4.532956644002633
2,,career_homeRuns,718457,0.7803030303030303,0.6363636363636364
3,,career_whip,718457,1.4623213575876854,1.2655163553868438
4,,career_battersFaced,718457,21.90530303030303,21.005681818181817
5,,recent_era,718457,3.55875,4.394758064516129
6,,recent_homeRuns,718457,0.35,0.6
7,,recent_whip,718457,0.9924999999999997,1.0576612903225806
8,,recent_battersFaced,718457,20.7,17.1
