,f1,index,game_id,Away_Starter,Home Starter
0,,player_id,718415,669302,592836
1,,career_era,718415,4.567082340608033,7.249893088671742
2,,career_homeRuns,718415,0.6319444444444444,0.55
3,,career_whip,718415,1.2953569868798465,1.5541290212621335
4,,career_battersFaced,718415,21.055555555555554,18.67058823529412
5,,recent_era,718415,3.9816532258064514,3.3992902838864456
6,,recent_homeRuns,718415,0.825,0.425
7,,recent_whip,718415,0.9807795698924732,1.4547133527541363
8,,recent_battersFaced,718415,21.199999999999996,20.825000000000003
