,f1,index,game_id,Away_Starter,Home Starter
0,,player_id,718074,694813,450203
1,,career_era,718074,0.0,3.35440698199183
2,,career_homeRuns,718074,0.0,0.6060606060606061
3,,career_whip,718074,0.0,1.2539054977723343
4,,career_battersFaced,718074,0.0,20.28030303030303
5,,recent_era,718074,9.0,2.435294117647059
6,,recent_homeRuns,718074,0.0,0.575
7,,recent_whip,718074,2.5,1.2480708412397217
8,,recent_battersFaced,718074,22.0,25.099999999999998
