,f1,index,game_id,Away_Starter,Home Starter
0,,player_id,717934,592836,453286
1,,career_era,717934,7.249893088671742,3.948632562936046
2,,career_homeRuns,717934,0.55,0.6148148148148148
3,,career_whip,717934,1.5541290212621335,1.0245567696471782
4,,career_battersFaced,717934,18.67058823529412,19.714814814814815
5,,recent_era,717934,33.60120967741935,3.6848156682027646
6,,recent_homeRuns,717934,0.4,0.6
7,,recent_whip,717934,6.217813092979127,1.1790168970814132
8,,recent_battersFaced,717934,19.95,20.275
