,f1,index,game_id,Away_Starter,Home Starter
0,,player_id,718104,543475,608337
1,,career_era,718104,5.943887543584639,5.430730643248706
2,,career_homeRuns,718104,1.0470219435736678,0.7901069518716577
3,,career_whip,718104,1.5945912013259727,1.4610522702701592
4,,career_battersFaced,718104,23.214733542319753,21.799910873440282
5,,recent_era,718104,14.04625,3.754493087557604
6,,recent_homeRuns,718104,1.9,0.975
7,,recent_whip,718104,1.88625,1.0841397849462366
8,,recent_battersFaced,718104,23.249999999999996,25.674999999999997
