,f1,index,game_id,Away_Starter,Home Starter
0,,player_id,717871,686613,592332
1,,career_era,717871,1.7727272727272727,3.641419883724181
2,,career_homeRuns,717871,0.0,0.4171717171717171
3,,career_whip,717871,1.1022727272727273,1.3042180024699777
4,,career_battersFaced,717871,16.75,20.29090909090909
5,,recent_era,717871,5.809655588314125,1.2849264705882353
6,,recent_homeRuns,717871,0.75,0.175
7,,recent_whip,717871,1.4356796658625928,1.1484345351043643
8,,recent_battersFaced,717871,23.2,25.8
