,f1,index,game_id,Away_Starter,Home Starter
0,,player_id,718392,622491,666201
1,,career_era,718392,1.9348633260677932,2.9571825912304748
2,,career_homeRuns,718392,0.5277777777777778,0.5111111111111111
3,,career_whip,718392,0.824472418336851,1.0623165161654162
4,,career_battersFaced,718392,20.12962962962963,22.483333333333334
5,,recent_era,718392,1.875,7.079858379228954
6,,recent_homeRuns,718392,0.0,0.725
7,,recent_whip,718392,0.9143772893772892,1.9223567869319247
8,,recent_battersFaced,718392,22.65,24.125
