,f1,index,game_id,Away_Starter,Home Starter
0,,player_id,718577,596295,594835
1,,career_era,718577,7.809667283066737,5.760748780795084
2,,career_homeRuns,718577,0.8611615245009074,0.978927203065134
3,,career_whip,718577,1.749068305594895,1.6397174210911742
4,,career_battersFaced,718577,20.199637023593468,22.776819923371647
5,,recent_era,718577,4.5910714285714285,3.6335336538461536
6,,recent_homeRuns,718577,0.75,0.25
7,,recent_whip,718577,1.2170238095238095,1.3783653846153845
8,,recent_battersFaced,718577,19.2,20.525
