,f1,index,game_id,Away_Starter,Home Starter
0,,player_id,717899,656288,641585
1,,career_era,717899,8.261781735547794,0.0
2,,career_homeRuns,717899,0.8235294117647058,0.0
3,,career_whip,717899,1.9697325478269967,0.0
4,,career_battersFaced,717899,19.61764705882353,0.0
5,,recent_era,717899,5.862408088235294,5.1398495657568235
6,,recent_homeRuns,717899,1.0,1.2
7,,recent_whip,717899,1.4041474089635855,1.5395939309346567
8,,recent_battersFaced,717899,23.200000000000003,23.474999999999998
