,f1,index,game_id,Away_Starter,Home Starter
0,,player_id,718000,680686,663903
1,,career_era,718000,6.361996397173765,5.112402910811523
2,,career_homeRuns,718000,1.375,0.6424501424501424
3,,career_whip,718000,1.4941378624020083,1.5597818474592433
4,,career_battersFaced,718000,21.78125,21.964387464387467
5,,recent_era,718000,2.3914285714285715,11.40596590909091
6,,recent_homeRuns,718000,0.175,0.575
7,,recent_whip,718000,1.497142857142857,2.3777462121212123
8,,recent_battersFaced,718000,26.2,21.874999999999996
