,f1,index,game_id,Away_Starter,Home Starter
0,,player_id,717900,579328,673540
1,,career_era,717900,4.987985513550666,2.886344537815126
2,,career_homeRuns,717900,0.7658730158730158,0.5
3,,career_whip,717900,1.6158886003451722,1.012126517273576
4,,career_battersFaced,717900,17.574534161490682,12.749999999999998
5,,recent_era,717900,5.85,3.1875
6,,recent_homeRuns,717900,1.45,0.175
7,,recent_whip,717900,1.732957650273224,1.2257142857142858
8,,recent_battersFaced,717900,22.599999999999998,23.650000000000002
