,f1,index,game_id,Away_Starter,Home Starter
0,,player_id,717811,676272,605400
1,,career_era,717811,0.0,6.346593161667344
2,,career_homeRuns,717811,0.0,0.6670314780070878
3,,career_whip,717811,0.0,1.428319706071576
4,,career_battersFaced,717811,0.0,19.750729622680844
5,,recent_era,717811,0.825,4.0339285714285715
6,,recent_homeRuns,717811,0.0,1.3499999999999999
7,,recent_whip,717811,0.8333333333333334,1.0011904761904762
8,,recent_battersFaced,717811,18.75,25.55
