,f1,index,game_id,Away_Starter,Home Starter
0,,player_id,718390,518876,607536
1,,career_era,718390,6.539860453634011,4.072348572872563
2,,career_homeRuns,718390,1.05,0.27941176470588236
3,,career_whip,718390,1.273552115244395,1.3685807880672387
4,,career_battersFaced,718390,17.257142857142856,17.948529411764707
5,,recent_era,718390,3.5682692307692307,9.184090909090909
6,,recent_homeRuns,718390,0.425,1.35
7,,recent_whip,718390,1.418830128205128,1.7754154447702835
8,,recent_battersFaced,718390,21.35,22.225
