,f1,index,game_id,Away_Starter,Home Starter
0,,player_id,717894,682243,543135
1,,career_era,717894,4.0,5.596216225432094
2,,career_homeRuns,717894,0.2222222222222222,0.7131410256410257
3,,career_whip,717894,1.074074074074074,1.4195019668573319
4,,career_battersFaced,717894,12.666666666666666,22.108974358974358
5,,recent_era,717894,5.0603044496487115,0.9249999999999999
6,,recent_homeRuns,717894,0.5,0.35
7,,recent_whip,717894,1.0732045277127245,0.936060298102981
8,,recent_battersFaced,717894,22.65,27.3
