,f1,index,game_id,Away_Starter,Home Starter
0,,player_id,717858,676710,676440
1,,career_era,717858,6.474598800589654,1.753393665158371
2,,career_homeRuns,717858,0.8333333333333334,0.3333333333333333
3,,career_whip,717858,1.5213432316328659,0.6460532931121166
4,,career_battersFaced,717858,21.25,14.0
5,,recent_era,717858,5.925,4.15625
6,,recent_homeRuns,717858,0.7,0.5
7,,recent_whip,717858,1.4264880952380954,1.3600694444444446
8,,recent_battersFaced,717858,17.975,22.5
