,f1,index,game_id,Away_Starter,Home Starter
0,,player_id,718560,642547,607625
1,,career_era,718560,3.965365848666697,3.6
2,,career_homeRuns,718560,0.43333333333333335,0.6666666666666666
3,,career_whip,718560,1.1366827068511416,1.2750000000000001
4,,career_battersFaced,718560,18.76904761904762,17.833333333333332
5,,recent_era,718560,2.6057142857142854,2.166428571428571
6,,recent_homeRuns,718560,0.5,0.25
7,,recent_whip,718560,1.0976190476190475,1.1203571428571428
8,,recent_battersFaced,718560,19.75,22.45
