,f1,index,game_id,Away_Starter,Home Starter
0,,player_id,717880,543294,605483
1,,career_era,717880,7.409978293132726,5.1959875892608345
2,,career_homeRuns,717880,1.0588235294117647,0.4666666666666667
3,,career_whip,717880,1.6282240070181035,1.5048873712203883
4,,career_battersFaced,717880,19.09558823529412,16.483333333333334
5,,recent_era,717880,3.671341463414634,3.7874999999999996
6,,recent_homeRuns,717880,0.35,0.5
7,,recent_whip,717880,1.5020654414290622,1.2895833333333333
8,,recent_battersFaced,717880,21.025,22.424999999999997
