,f1,index,game_id,Away_Starter,Home Starter
0,,player_id,717952,641482,669302
1,,career_era,717952,3.163341124928333,4.567082340608033
2,,career_homeRuns,717952,0.7436974789915967,0.6319444444444444
3,,career_whip,717952,1.1044010385327199,1.2953569868798465
4,,career_battersFaced,717952,21.260504201680675,21.055555555555554
5,,recent_era,717952,7.4348780487804875,3.1792183622828785
6,,recent_homeRuns,717952,1.375,0.5
7,,recent_whip,717952,1.527241579558653,0.775563482216708
8,,recent_battersFaced,717952,22.725,23.874999999999996
