,f1,index,game_id,Away_Starter,Home Starter
0,,player_id,718174,605400,607536
1,,career_era,718174,4.473339619697098,4.072348572872563
2,,career_homeRuns,718174,0.7703252032520325,0.27941176470588236
3,,career_whip,718174,1.175475495490247,1.3685807880672387
4,,career_battersFaced,718174,20.790650406504067,17.948529411764707
5,,recent_era,718174,3.5472848360655735,6.775811688311688
6,,recent_homeRuns,718174,0.85,1.0999999999999999
7,,recent_whip,718174,1.0191769125683061,1.4707792207792207
8,,recent_battersFaced,718174,24.950000000000003,21.5
