,f1,index,game_id,Away_Starter,Home Starter
0,,player_id,717905,543037,675627
1,,career_era,717905,2.8386915364490592,3.714285714285715
2,,career_homeRuns,717905,0.4161020776874435,1.0
3,,career_whip,717905,1.0639345916640062,1.4360119047619049
4,,career_battersFaced,717905,21.890808491418248,21.0
5,,recent_era,717905,6.105,9.003596123585304
6,,recent_homeRuns,717905,1.65,0.5
7,,recent_whip,717905,1.5491666666666666,1.8674388226512537
8,,recent_battersFaced,717905,24.575,18.349999999999998
