,f1,index,game_id,Away_Starter,Home Starter
0,,player_id,718088,657006,592836
1,,career_era,718088,2.147727628865686,7.249893088671742
2,,career_homeRuns,718088,0.14814814814814814,0.55
3,,career_whip,718088,1.18580472267414,1.5541290212621335
4,,career_battersFaced,718088,18.870370370370374,18.67058823529412
5,,recent_era,718088,3.75,52.13951612903226
6,,recent_homeRuns,718088,0.0,1.0
7,,recent_whip,718088,1.1970588235294117,8.76263440860215
8,,recent_battersFaced,718088,23.725,17.849999999999998
