,f1,index,game_id,Away_Starter,Home Starter
0,,player_id,718418,642232,668678
1,,career_era,718418,8.252700286547064,2.439483270213781
2,,career_homeRuns,718418,0.6875,0.3522727272727273
3,,career_whip,718418,1.8658747897968748,1.1779925567030776
4,,career_battersFaced,718418,19.426136363636363,18.064393939393938
5,,recent_era,718418,4.166911764705882,2.6571428571428566
6,,recent_homeRuns,718418,0.5,0.35
7,,recent_whip,718418,0.9344571975131516,0.8068356374807987
8,,recent_battersFaced,718418,14.85,23.275000000000002
