,f1,index,game_id,Away_Starter,Home Starter
0,,player_id,718358,669194,596295
1,,career_era,718358,1.886029411764706,6.410366759205265
2,,career_homeRuns,718358,0.5,0.6547619047619048
3,,career_whip,718358,0.8401610644257703,1.6497176439584322
4,,career_battersFaced,718358,20.5,17.511904761904763
5,,recent_era,718358,5.91,15.1359375
6,,recent_homeRuns,718358,0.825,0.8999999999999999
7,,recent_whip,718358,1.4408333333333334,2.805208333333333
8,,recent_battersFaced,718358,22.575,20.049999999999997
