,f1,index,game_id,Away_Starter,Home Starter
0,,player_id,718012,656605,669923
1,,career_era,718012,9.825062796808872,5.560892224306858
2,,career_homeRuns,718012,0.6121212121212122,0.5555555555555556
3,,career_whip,718012,2.1911292405406004,1.4769283712373142
4,,career_battersFaced,718012,17.26060606060606,21.11111111111111
5,,recent_era,718012,1.515,2.170938940092166
6,,recent_homeRuns,718012,0.25,0.425
7,,recent_whip,718012,0.725079365079365,1.0566532258064516
8,,recent_battersFaced,718012,24.549999999999997,27.575
