,f1,index,game_id,Away_Starter,Home Starter
0,,player_id,718175,573186,686973
1,,career_era,718175,4.354806468084941,3.9043438914027155
2,,career_homeRuns,718175,0.7025862068965517,0.8
3,,career_whip,718175,1.1833958059606817,1.2645550527903469
4,,career_battersFaced,718175,19.092672413793107,21.0
5,,recent_era,718175,3.216393442622951,7.242857142857142
6,,recent_homeRuns,718175,0.5249999999999999,1.125
7,,recent_whip,718175,1.116174863387978,1.719047619047619
8,,recent_battersFaced,718175,23.099999999999998,19.2
