,f1,index,game_id,Away_Starter,Home Starter
0,,player_id,717806,657571,592836
1,,career_era,717806,0.0,7.230049189733478
2,,career_homeRuns,717806,0.0,0.6681818181818182
3,,career_whip,717806,0.0,1.6644157292362411
4,,career_battersFaced,717806,0.0,19.3144385026738
5,,recent_era,717806,0.0,29.449596774193548
6,,recent_homeRuns,717806,0.0,0.425
7,,recent_whip,717806,0.0,5.4731239269901515
8,,recent_battersFaced,717806,3.0,20.0
