,f1,index,game_id,Away_Starter,Home Starter
0,,player_id,717874,621076,656605
1,,career_era,717874,4.7461006171154745,5.79168759893629
2,,career_homeRuns,717874,0.7076923076923077,0.6484848484848484
3,,career_whip,717874,1.4285126173742566,1.5126515457886656
4,,career_battersFaced,717874,21.484615384615385,18.42020202020202
5,,recent_era,717874,6.928392857142857,4.275
6,,recent_homeRuns,717874,0.575,0.675
7,,recent_whip,717874,1.7927678571428571,1.1041666666666665
8,,recent_battersFaced,717874,22.0,25.95
