,f1,index,game_id,Away_Starter,Home Starter
0,,player_id,717921,592791,608379
1,,career_era,717921,4.401843919679267,4.173994309012185
2,,career_homeRuns,717921,0.7822660098522167,0.6674074074074074
3,,career_whip,717921,1.3015622510155436,1.2660683577891634
4,,career_battersFaced,717921,20.860098522167487,19.414074074074072
5,,recent_era,717921,14.285064935064934,0.9053571428571429
6,,recent_homeRuns,717921,1.0,0.25
7,,recent_whip,717921,2.5282467532467527,0.7535714285714286
8,,recent_battersFaced,717921,17.174999999999997,23.174999999999997
