,f1,index,game_id,Away_Starter,Home Starter
0,,player_id,718484,607625,668678
1,,career_era,718484,3.6,4.046219628685688
2,,career_homeRuns,718484,0.6666666666666666,0.5976430976430976
3,,career_whip,718484,1.2750000000000001,1.2887407555504264
4,,career_battersFaced,718484,17.833333333333332,21.346801346801346
5,,recent_era,718484,4.0443750000000005,4.223076923076922
6,,recent_homeRuns,718484,0.175,0.6499999999999999
7,,recent_whip,718484,1.623125,1.0626048682500293
8,,recent_battersFaced,718484,22.525,23.575000000000003
