,f1,index,game_id,Away_Starter,Home Starter
0,,player_id,718465,592332,657376
1,,career_era,718465,3.860316756781625,4.11219512195122
2,,career_homeRuns,718465,0.5450558213716108,0.5
3,,career_whip,718465,1.29239819163605,1.8032520325203254
4,,career_battersFaced,718465,22.598086124401913,18.1
5,,recent_era,718465,4.59375,9.870967741935484
6,,recent_homeRuns,718465,1.0,0.8
7,,recent_whip,718465,1.2194642857142854,2.099798387096774
8,,recent_battersFaced,718465,24.375,17.2
