,f1,index,game_id,Away_Starter,Home Starter
0,,player_id,718178,596133,666129
1,,career_era,718178,15.673295454545455,4.273029286505782
2,,career_homeRuns,718178,1.6666666666666667,0.5294117647058824
3,,career_whip,718178,2.7042297979797976,1.4065806114847996
4,,career_battersFaced,718178,14.833333333333332,21.294117647058822
5,,recent_era,718178,7.462429643527204,8.363791248206601
6,,recent_homeRuns,718178,1.775,1.25
7,,recent_whip,718178,1.5906035021888678,1.7722537983298388
8,,recent_battersFaced,718178,21.950000000000003,21.775
