,f1,index,game_id,Away_Starter,Home Starter
0,,player_id,717998,665795,660271
1,,career_era,717998,6.176877828054298,7.232142857142857
2,,career_homeRuns,717998,0.3333333333333333,0.25
3,,career_whip,717998,1.5643652589240824,1.875
4,,career_battersFaced,717998,17.2,6.0
5,,recent_era,717998,5.542258064516129,1.8589285714285713
6,,recent_homeRuns,717998,0.825,0.0
7,,recent_whip,717998,1.2887096774193547,1.306904761904762
8,,recent_battersFaced,717998,20.525,14.899999999999999
