,f1,index,game_id,Away_Starter,Home Starter
0,,player_id,718264,527048,660761
1,,career_era,718264,5.253788437055733,4.870694827529858
2,,career_homeRuns,718264,0.537037037037037,0.5683229813664596
3,,career_whip,718264,1.6127044510563535,1.4133340783115553
4,,career_battersFaced,718264,21.83838383838384,20.860248447204967
5,,recent_era,718264,2.453653846153846,7.7167387883556255
6,,recent_homeRuns,718264,0.675,1.55
7,,recent_whip,718264,1.3127826817990753,2.0319974429583008
8,,recent_battersFaced,718264,23.474999999999998,20.799999999999997
