,f1,index,game_id,Away_Starter,Home Starter
0,,player_id,718097,592791,605400
1,,career_era,718097,4.401843919679267,4.473339619697098
2,,career_homeRuns,718097,0.7822660098522167,0.7703252032520325
3,,career_whip,718097,1.3015622510155436,1.175475495490247
4,,career_battersFaced,718097,20.860098522167487,20.790650406504067
5,,recent_era,718097,8.888766233766233,3.8439475995316164
6,,recent_homeRuns,718097,0.675,1.0
7,,recent_whip,718097,1.7966450216450216,0.9581113387978142
8,,recent_battersFaced,718097,17.775,25.775
