,f1,index,game_id,Away_Starter,Home Starter
0,,player_id,718557,641154,543037
1,,career_era,718557,4.388739755885502,4.329971462955635
2,,career_homeRuns,718557,0.5785714285714285,0.9027777777777778
3,,career_whip,718557,1.362974534726294,1.2607112280179271
4,,career_battersFaced,718557,20.49107142857143,22.863304093567255
5,,recent_era,718557,2.8964285714285714,2.394594217258152
6,,recent_homeRuns,718557,0.575,0.15
7,,recent_whip,718557,0.8366479925303454,1.0200042034468264
8,,recent_battersFaced,718557,20.075,22.675
