,f1,index,game_id,Away_Starter,Home Starter
0,,player_id,717797,668881,425794
1,,career_era,717797,8.564190062246505,2.741724453064002
2,,career_homeRuns,717797,0.6172839506172839,0.2714285714285714
3,,career_whip,717797,1.985399832897893,0.8385861729377247
4,,career_battersFaced,717797,16.48148148148148,16.495238095238093
5,,recent_era,717797,4.1669117647058815,5.873721719457015
6,,recent_homeRuns,717797,0.85,0.475
7,,recent_whip,717797,1.1982843137254904,1.8823114630467572
8,,recent_battersFaced,717797,22.9,25.325
