,f1,index,game_id,Away_Starter,Home Starter
0,,player_id,717991,676477,605200
1,,career_era,717991,3.8000000000000003,3.1809503576435953
2,,career_homeRuns,717991,0.4444444444444444,0.521551724137931
3,,career_whip,717991,1.35,1.1631620997943648
4,,career_battersFaced,717991,17.22222222222222,16.103448275862068
5,,recent_era,717991,6.058928571428572,10.37983993902439
6,,recent_homeRuns,717991,0.9249999999999999,1.025
7,,recent_whip,717991,1.479404761904762,2.298780487804878
8,,recent_battersFaced,717991,19.575,17.375
