,f1,index,game_id,Away_Starter,Home Starter
0,,player_id,717950,621107,657006
1,,career_era,717950,3.55177472108684,2.147727628865686
2,,career_homeRuns,717950,0.625,0.14814814814814814
3,,career_whip,717950,1.1407258233382471,1.18580472267414
4,,career_battersFaced,717950,17.3125,18.870370370370374
5,,recent_era,717950,3.3857142857142857,5.808482142857143
6,,recent_homeRuns,717950,1.025,0.0
7,,recent_whip,717950,0.9595238095238093,1.5848214285714286
8,,recent_battersFaced,717950,25.2,22.849999999999998
