,f1,index,game_id,Away_Starter,Home Starter
0,,player_id,717948,596133,572020
1,,career_era,717948,15.673295454545455,2.9248071451225246
2,,career_homeRuns,717948,1.6666666666666667,0.39705882352941174
3,,career_whip,717948,2.7042297979797976,1.2340829741285986
4,,career_battersFaced,717948,14.833333333333332,18.25
5,,recent_era,717948,4.871018651362984,5.982272727272727
6,,recent_homeRuns,717948,0.7749999999999999,0.925
7,,recent_whip,717948,1.4745214659234347,1.1863636363636365
8,,recent_battersFaced,717948,22.275,14.875
