,f1,index,game_id,Away_Starter,Home Starter
0,,player_id,718054,502171,543243
1,,career_era,718054,4.5761005349927215,5.093162020905924
2,,career_homeRuns,718054,0.275,0.5533333333333333
3,,career_whip,718054,1.9118484666807092,1.2067307394502516
4,,career_battersFaced,718054,21.016666666666666,19.113333333333333
5,,recent_era,718054,2.3966129032258063,2.773676470588235
6,,recent_homeRuns,718054,0.175,0.0
7,,recent_whip,718054,1.6600196880205966,1.2722408963585434
8,,recent_battersFaced,718054,25.35,21.4
