,f1,index,game_id,Away_Starter,Home Starter
0,,player_id,718185,605397,628711
1,,career_era,718185,1.967396682796752,3.5593646689445007
2,,career_homeRuns,718185,0.47794117647058826,0.6714285714285715
3,,career_whip,718185,0.7777046467803084,1.1191732077446364
4,,career_battersFaced,718185,22.566176470588236,17.92857142857143
5,,recent_era,718185,7.687183622828783,6.063674228996809
6,,recent_homeRuns,718185,1.1,1.25
7,,recent_whip,718185,1.6210545905707194,1.5746853952499114
8,,recent_battersFaced,718185,21.425,23.425
