,f1,index,game_id,Away_Starter,Home Starter
0,,player_id,718463,668881,592826
1,,career_era,718463,16.557091149647572,7.630744925210374
2,,career_homeRuns,718463,1.0185185185185186,0.9583333333333333
3,,career_whip,718463,2.7363123070322937,1.7146938414862354
4,,career_battersFaced,718463,13.277777777777779,17.454710144927535
5,,recent_era,718463,3.9314516129032255,6.099545454545454
6,,recent_homeRuns,718463,0.15,0.6
7,,recent_whip,718463,1.5954301075268817,1.7671212121212119
8,,recent_battersFaced,718463,19.65,21.825
