,f1,index,game_id,Away_Starter,Home Starter
0,,player_id,717804,668678,676684
1,,career_era,717804,4.320120797030968,0.0
2,,career_homeRuns,717804,0.33964646464646464,0.0
3,,career_whip,717804,1.309998517999857,0.0
4,,career_battersFaced,717804,20.74368686868687,0.0
5,,recent_era,717804,4.191706730769231,45.0
6,,recent_homeRuns,717804,0.25,0.0
7,,recent_whip,717804,1.7459935897435899,15.0
8,,recent_battersFaced,717804,24.925,5.0
