,f1,index,game_id,Away_Starter,Home Starter
0,,player_id,718266,628711,605397
1,,career_era,718266,3.5593646689445007,2.021332945911805
2,,career_homeRuns,718266,0.6714285714285715,0.48863636363636365
3,,career_whip,718266,1.1191732077446364,0.7916815071685523
4,,career_battersFaced,718266,17.92857142857143,22.5719696969697
5,,recent_era,718266,6.288674228996809,8.167183622828784
6,,recent_homeRuns,718266,1.6,1.175
7,,recent_whip,718266,1.4650700106345267,1.5564117334278622
8,,recent_battersFaced,718266,23.075,21.874999999999996
