,f1,index,game_id,Away_Starter,Home Starter
0,,player_id,717826,543294,605154
1,,career_era,717826,7.208506284784082,0.8181818181818182
2,,career_homeRuns,717826,1.0277777777777777,0.0
3,,career_whip,717826,1.6062148411166208,1.0
4,,career_battersFaced,717826,19.291666666666668,3.818181818181818
5,,recent_era,717826,4.602439024390244,11.25
6,,recent_homeRuns,717826,0.575,0.25
7,,recent_whip,717826,1.4497967479674796,2.4863636363636363
8,,recent_battersFaced,717826,20.875,4.3999999999999995
