,f1,index,game_id,Away_Starter,Home Starter
0,,career_homeRuns,718099,0.0,0.6148148148148148
1,,career_whip,718099,0.0,1.0245567696471782
2,,career_battersFaced,718099,0.0,19.714814814814815
3,,recent_era,718099,4.4400452488687785,6.128368121442125
4,,recent_homeRuns,718099,0.25,0.95
5,,recent_whip,718099,1.413359414278532,1.5349240986717267
6,,recent_battersFaced,718099,21.5,18.25
7,,player_id,718099,676440,453286
8,,career_era,718099,0.0,3.948632562936046
