,f1,index,game_id,Away_Starter,Home Starter
0,,player_id,718173,669302,666214
1,,career_era,718173,4.567082340608033,4.920779220779221
2,,career_homeRuns,718173,0.6319444444444444,0.2857142857142857
3,,career_whip,718173,1.2953569868798465,1.410368893779032
4,,career_battersFaced,718173,21.055555555555554,18.714285714285715
5,,recent_era,718173,4.003548387096774,5.57451923076923
6,,recent_homeRuns,718173,0.5249999999999999,1.325
7,,recent_whip,718173,0.9164247311827957,1.4253205128205129
8,,recent_battersFaced,718173,22.65,22.8
