,f1,index,game_id,Away_Starter,Home Starter
0,,player_id,718156,554430,502171
1,,career_era,718156,3.8748401078219246,4.5761005349927215
2,,career_homeRuns,718156,0.3939393939393939,0.275
3,,career_whip,718156,1.2101394836353507,1.9118484666807092
4,,career_battersFaced,718156,18.757575757575758,21.016666666666666
5,,recent_era,718156,3.9536344537815133,1.2149999999999999
6,,recent_homeRuns,718156,0.25,0.175
7,,recent_whip,718156,1.0176610644257702,1.1880125195618154
8,,recent_battersFaced,718156,23.325,26.65
