,f1,index,game_id,Away_Starter,Home Starter
0,,player_id,718563,693821,663460
1,,career_era,718563,2.7881922955093685,17.23179320795517
2,,career_homeRuns,718563,0.36363636363636365,0.8273809523809523
3,,career_whip,718563,1.212225714664739,3.0181227305543104
4,,career_battersFaced,718563,21.454545454545453,21.148809523809526
5,,recent_era,718563,5.2875,0.9
6,,recent_homeRuns,718563,0.32499999999999996,0.0
7,,recent_whip,718563,1.4848019125683058,1.1145833333333333
8,,recent_battersFaced,718563,17.325,15.725
