,f1,index,game_id,Away_Starter,Home Starter
0,,player_id,718270,656557,592836
1,,career_era,718270,5.296260478801293,7.249893088671742
2,,career_homeRuns,718270,0.34134615384615385,0.55
3,,career_whip,718270,1.631167014371676,1.5541290212621335
4,,career_battersFaced,718270,16.870192307692307,18.67058823529412
5,,recent_era,718270,5.6025,10.04070219838332
6,,recent_homeRuns,718270,0.425,1.425
7,,recent_whip,718270,1.5,1.9861307320389816
8,,recent_battersFaced,718270,23.175,21.55
