,f1,index,game_id,Away_Starter,Home Starter
0,,player_id,717992,592229,675911
1,,career_era,717992,28.690587567170933,4.993540838971517
2,,career_homeRuns,717992,0.7833333333333333,0.43478260869565216
3,,career_whip,717992,3.981727572797589,1.360639592308853
4,,career_battersFaced,717992,20.650000000000002,20.17391304347826
5,,recent_era,717992,10.401988636363637,4.514032258064516
6,,recent_homeRuns,717992,1.075,0.9
7,,recent_whip,717992,2.0638257575757573,1.3326881720430106
8,,recent_battersFaced,717992,15.45,23.65
