,f1,index,game_id,Away_Starter,Home Starter
0,,player_id,718198,571882,645261
1,,career_era,718198,0.0,2.6844698755921033
2,,career_homeRuns,718198,0.0,0.6071428571428572
3,,career_whip,718198,2.0,1.2468650389653209
4,,career_battersFaced,718198,5.0,21.974789915966387
5,,recent_era,718198,13.602272727272727,6.336324786324786
6,,recent_homeRuns,718198,0.175,0.75
7,,recent_whip,718198,2.6136363636363633,1.5508547008547007
8,,recent_battersFaced,718198,4.55,25.349999999999998
