,f1,index,game_id,Away_Starter,Home Starter
0,,player_id,718330,570666,607625
1,,career_era,718330,3.727554945054945,0.0
2,,career_homeRuns,718330,0.4,0.0
3,,career_whip,718330,1.19998778998779,0.5
4,,career_battersFaced,718330,15.616666666666667,7.0
5,,recent_era,718330,11.186777836134453,4.481919642857143
6,,recent_homeRuns,718330,0.5249999999999999,0.65
7,,recent_whip,718330,2.4968793767507003,1.4820684523809522
8,,recent_battersFaced,718330,21.075,23.2
