,f1,index,game_id,Away_Starter,Home Starter
0,,player_id,717845,641927,630023
1,,career_era,717845,3.9326112101016646,2.0714832689576372
2,,career_homeRuns,717845,0.6944444444444444,0.46875
3,,career_whip,717845,1.2049051344452386,0.5855940649553429
4,,career_battersFaced,717845,18.42777777777778,12.03125
5,,recent_era,717845,3.0974999999999997,4.248529411764705
6,,recent_homeRuns,717845,0.475,0.4
7,,recent_whip,717845,1.0308333333333333,1.124387254901961
8,,recent_battersFaced,717845,21.474999999999998,16.2
