,f1,index,game_id,Away_Starter,Home Starter
0,,player_id,718393,621107,608337
1,,career_era,718393,3.55177472108684,5.430730643248706
2,,career_homeRuns,718393,0.625,0.7901069518716577
3,,career_whip,718393,1.1407258233382471,1.4610522702701592
4,,career_battersFaced,718393,17.3125,21.799910873440282
5,,recent_era,718393,4.5972580645161285,3.9107142857142856
6,,recent_homeRuns,718393,0.575,0.8
7,,recent_whip,718393,1.1351612903225805,0.9749999999999999
8,,recent_battersFaced,718393,19.150000000000002,22.224999999999998
