,f1,index,game_id,Away_Starter,Home Starter
0,,player_id,718157,593334,592332
1,,career_era,718157,4.048040189292282,3.360476659970198
2,,career_homeRuns,718157,0.8402255639097744,0.3424242424242424
3,,career_whip,718157,1.1948390035145828,1.2895985682254618
4,,career_battersFaced,718157,19.671052631578945,20.14545454545454
5,,recent_era,718157,4.002136752136752,8.056451612903226
6,,recent_homeRuns,718157,0.825,0.55
7,,recent_whip,718157,1.03244301994302,1.5835253456221197
8,,recent_battersFaced,718157,23.599999999999998,22.875
