,f1,index,game_id,Away_Starter,Home Starter
0,,player_id,718172,571760,676664
1,,career_era,718172,5.772085467647728,5.912867647058824
2,,career_homeRuns,718172,1.0266666666666668,0.5833333333333334
3,,career_whip,718172,1.3901939800110714,1.6457610608345903
4,,career_battersFaced,718172,19.793333333333337,19.583333333333336
5,,recent_era,718172,5.6154953917050685,6.010760401721664
6,,recent_homeRuns,718172,1.35,1.4
7,,recent_whip,718172,1.2181259600614438,1.1897477283596365
8,,recent_battersFaced,718172,22.799999999999997,22.075
