,f1,index,game_id,Away_Starter,Home Starter
0,,player_id,718082,669456,434378
1,,career_era,718082,4.135783604422201,2.6764491888975366
2,,career_homeRuns,718082,0.6486486486486487,0.7315891472868218
3,,career_whip,718082,1.1886813830645597,0.986518264958707
4,,career_battersFaced,718082,24.621621621621625,22.72512919896641
5,,recent_era,718082,4.301167582417582,5.239285714285714
6,,recent_homeRuns,718082,1.0,0.85
7,,recent_whip,718082,1.5846382783882782,1.5585714285714285
8,,recent_battersFaced,718082,26.15,22.9
