,f1,index,game_id,Away_Starter,Home Starter
0,,player_id,717798,605483,659275
1,,career_era,717798,5.758381672399583,0.0
2,,career_homeRuns,717798,0.7616161616161615,0.0
3,,career_whip,717798,1.5591432897908806,0.0
4,,career_battersFaced,717798,19.191414141414143,0.0
5,,recent_era,717798,3.1275,7.5
6,,recent_homeRuns,717798,0.35,0.175
7,,recent_whip,717798,1.2445833333333332,2.0083333333333333
8,,recent_battersFaced,717798,22.5,17.55
