,f1,index,game_id,Away_Starter,Home Starter
0,,player_id,717959,542881,608337
1,,career_era,717959,5.085841010033412,4.4800031073920366
2,,career_homeRuns,717959,0.7030651340996168,0.6270053475935828
3,,career_whip,717959,1.4112392436552395,1.266962194408098
4,,career_battersFaced,717959,21.20689655172414,20.66057635175282
5,,recent_era,717959,3.360241935483871,4.955357142857142
6,,recent_homeRuns,717959,0.4,1.0
7,,recent_whip,717959,1.497715053763441,1.8227678571428572
8,,recent_battersFaced,717959,24.200000000000003,23.7
