,f1,index,game_id,Away_Starter,Home Starter
0,,player_id,717876,425844,666200
1,,career_era,717876,6.629003762904143,4.576999002316683
2,,career_homeRuns,717876,0.7156099369670004,0.5595238095238095
3,,career_whip,717876,1.4789790652790655,1.3749998850745082
4,,career_battersFaced,717876,19.482635026572733,20.028571428571425
5,,recent_era,717876,2.4646153846153847,5.033382352941176
6,,recent_homeRuns,717876,0.575,0.7749999999999999
7,,recent_whip,717876,0.8751923076923077,1.2900980392156862
8,,recent_battersFaced,717876,19.599999999999998,22.174999999999997
