,f1,index,game_id,Away_Starter,Home Starter
0,,player_id,718158,592791,664285
1,,career_era,718158,4.401843919679267,3.6950083831157046
2,,career_homeRuns,718158,0.7822660098522167,0.5266666666666666
3,,career_whip,718158,1.3015622510155436,1.3416881764966897
4,,career_battersFaced,718158,20.860098522167487,24.522222222222222
5,,recent_era,718158,8.61340909090909,2.6062499999999997
6,,recent_homeRuns,718158,0.75,0.7749999999999999
7,,recent_whip,718158,1.7304545454545455,0.9354166666666666
8,,recent_battersFaced,718158,16.974999999999998,25.974999999999998
